LEMMA,USES_TOT,USERS_TOT,AGE,COEF_VAR,SUBSET,START,END,USES,EDGES,NODES,COMMUNITIES,MODULARITY,DENSITY,CENT_DEGREE,CENT_EV,SUBSETTING,DIFF_START_METHOD,DIFF_START_LIMIT,SKIP,STAMP
alt-left,167124,78383,1115,5.311262054364172,one,2016-01-11,2016-10-08,2154,1628,2499,NA,NA,2.607928679878677e-4,0.0049453493940067985,0.992408926216521,time,edges,3,FALSE,2020-03-15T15:06:54Z
alt-left,167124,78383,1115,5.311262054364172,two,2016-10-09,2017-07-06,41559,37197,32791,NA,NA,3.4594880666355604e-5,0.014985685242183177,0.9962459952165371,time,edges,3,FALSE,2020-03-15T15:06:55Z
alt-left,167124,78383,1115,5.311262054364172,three,2017-07-07,2018-04-03,101573,92999,83332,NA,NA,1.3392445261591693e-5,0.024413584469590046,0.9990378576707285,time,edges,3,FALSE,2020-03-15T15:06:56Z
alt-left,167124,78383,1115,5.311262054364172,four,2018-04-04,2018-12-30,21833,32836,26367,NA,NA,4.723297274851088e-5,0.023848080960972722,0.9980498632602286,time,edges,3,FALSE,2020-03-15T15:06:57Z
alt-left,167124,78383,1115,5.311262054364172,full,2015-12-11,2018-12-30,167124,162053,125551,NA,NA,1.0280640721442614e-5,0.02035626938801016,0.9991014165372906,time,edges,3,FALSE,2020-03-15T15:07:00Z
alt-right,1012150,357518,2478,1.8054939525051652,one,2014-05-26,2015-07-20,905,159,220,NA,NA,0.0033001245330012453,0.019620108004420257,0.9605238463145411,time,edges,3,FALSE,2020-03-15T15:07:56Z
alt-right,1012150,357518,2478,1.8054939525051652,two,2015-07-21,2016-09-12,24834,14548,15222,NA,NA,6.278969721718634e-5,0.012059413746808238,0.9973928523935545,time,edges,3,FALSE,2020-03-15T15:07:56Z
alt-right,1012150,357518,2478,1.8054939525051652,three,2016-09-13,2017-11-05,590100,416937,335821,NA,NA,3.6970560034386897e-6,0.018790653460932737,0.9995940215056355,time,edges,3,FALSE,2020-03-15T15:08:05Z
alt-right,1012150,357518,2478,1.8054939525051652,four,2017-11-06,2018-12-30,396244,424484,274686,NA,NA,5.625872116023248e-6,0.014425502239902192,0.9994572961610291,time,edges,3,FALSE,2020-03-15T15:08:12Z
alt-right,1012150,357518,2478,1.8054939525051652,full,2012-03-18,2018-12-30,1012150,847342,530249,NA,NA,3.0136987380330727e-6,0.017217262883597807,0.999653527296392,time,edges,3,FALSE,2020-03-15T15:08:30Z
animoji,11139,9203,309,1.5308599262970197,one,2018-02-19,2018-05-09,2355,789,2425,NA,NA,1.342247626824538e-4,0.010183505974359812,0.9974459536995134,time,edges,3,FALSE,2020-03-15T15:08:58Z
animoji,11139,9203,309,1.5308599262970197,two,2018-05-10,2018-07-27,2983,986,3114,NA,NA,1.0171363752932005e-4,0.01757177371579077,0.9969364363029474,time,edges,3,FALSE,2020-03-15T15:08:58Z
animoji,11139,9203,309,1.5308599262970197,three,2018-07-28,2018-10-13,3302,1082,3605,NA,NA,8.327932748479498e-5,0.010185916868789273,0.9978700123182644,time,edges,3,FALSE,2020-03-15T15:08:58Z
animoji,11139,9203,309,1.5308599262970197,four,2018-10-14,2018-12-31,2499,923,2922,NA,NA,1.0814088824558924e-4,0.005542506359114798,0.9974781412905691,time,edges,3,FALSE,2020-03-15T15:08:58Z
animoji,11139,9203,309,1.5308599262970197,full,2018-02-25,2018-12-31,11139,3750,11480,NA,NA,2.8456751656486483e-5,0.01103618609395321,0.998666389449296,time,edges,3,FALSE,2020-03-15T15:08:58Z
artificial intelligence,1279676,401813,4391,1.7425894521895284,one,2008-01-21,2010-10-16,17818,3288,11791,NA,NA,2.365197244717852e-5,0.01634753938912593,0.9984474745003072,time,edges,3,FALSE,2020-03-15T15:12:08Z
artificial intelligence,1279676,401813,4391,1.7425894521895284,two,2010-10-17,2013-07-11,64735,13966,47861,NA,NA,6.097019373023669e-6,0.003431082901463018,0.9994635523046386,time,edges,3,FALSE,2020-03-15T15:12:08Z
artificial intelligence,1279676,401813,4391,1.7425894521895284,three,2013-07-12,2016-04-05,256495,50392,127515,NA,NA,3.0991489578412673e-6,0.02492769219549616,0.9993816229664434,time,edges,3,FALSE,2020-03-15T15:12:10Z
artificial intelligence,1279676,401813,4391,1.7425894521895284,four,2016-04-06,2018-12-30,940552,208599,335428,NA,NA,1.854022035240856e-6,0.0084530659845259,0.9997712362157071,time,edges,3,FALSE,2020-03-15T15:12:18Z
artificial intelligence,1279676,401813,4391,1.7425894521895284,full,2006-12-22,2018-12-30,1279676,274579,479621,NA,NA,1.1936358224627102e-6,0.012313789713003773,0.9997727060930448,time,edges,3,FALSE,2020-03-15T15:12:26Z
baecation,217434,137464,2739,0.7705696602165287,one,2013-05-06,2014-10-04,2352,975,2181,NA,NA,2.0506543164695935e-4,0.009432286844541705,0.9974486397120248,time,edges,3,FALSE,2020-03-15T15:12:37Z
baecation,217434,137464,2739,0.7705696602165287,two,2014-10-05,2016-03-03,35049,6638,27067,NA,NA,9.060935682450934e-6,0.0011548034979550767,0.999505557807652,time,edges,3,FALSE,2020-03-15T15:12:38Z
baecation,217434,137464,2739,0.7705696602165287,three,2016-03-04,2017-08-02,89806,8365,69285,NA,NA,1.7425841959916714e-6,8.49837143084149e-4,0.9998523790974511,time,edges,3,FALSE,2020-03-15T15:12:38Z
baecation,217434,137464,2739,0.7705696602165287,four,2017-08-03,2018-12-31,90216,11122,73745,NA,NA,2.0451427172743662e-6,5.064776723023116e-4,0.9998938090061692,time,edges,3,FALSE,2020-03-15T15:12:39Z
baecation,217434,137464,2739,0.7705696602165287,full,2011-07-02,2018-12-31,217434,26950,151654,NA,NA,1.1718010798896293e-6,4.5052022293053036e-4,0.999925062701931,time,edges,3,FALSE,2020-03-15T15:12:42Z
baeless,157880,108088,3449,1.5400505248286196,one,2011-06-20,2013-05-08,465,139,464,NA,NA,6.470172041409101e-4,0.004762815519034935,0.9972629796046888,time,edges,3,FALSE,2020-03-15T15:13:52Z
baeless,157880,108088,3449,1.5400505248286196,two,2013-05-09,2015-03-26,103742,33731,87159,NA,NA,4.440273503566414e-6,0.002640212428280967,0.9997629890656786,time,edges,3,FALSE,2020-03-15T15:13:53Z
baeless,157880,108088,3449,1.5400505248286196,three,2015-03-27,2017-02-10,46913,9891,41785,NA,NA,5.665128725402053e-6,9.277286992110515e-4,0.999739861792373,time,edges,3,FALSE,2020-03-15T15:13:55Z
baeless,157880,108088,3449,1.5400505248286196,four,2017-02-11,2018-12-30,6724,2086,7403,NA,NA,3.8067773264838594e-5,0.0025291476828341376,0.9986981080738635,time,edges,3,FALSE,2020-03-15T15:13:55Z
baeless,157880,108088,3449,1.5400505248286196,full,2009-07-21,2018-12-30,157880,45690,128673,NA,NA,2.7596225177914804e-6,0.001792516680817433,0.9998391545948759,time,edges,3,FALSE,2020-03-15T15:13:56Z
beardruff,581,434,4005,0.4546346757694705,one,2013-04-15,2014-09-17,75,53,112,NA,NA,0.004263191763191763,0.018423829234640046,0.9887630183863655,time,edges,3,FALSE,2020-03-15T15:14:00Z
beardruff,581,434,4005,0.4546346757694705,two,2014-09-18,2016-02-19,84,33,95,NA,NA,0.0036954087346024638,0.007016749660479855,0.989247311827957,time,edges,3,FALSE,2020-03-15T15:14:00Z
beardruff,581,434,4005,0.4546346757694705,three,2016-02-20,2017-07-23,121,27,100,NA,NA,0.0027272727272727275,0.0176512600755025,1,time,edges,3,FALSE,2020-03-15T15:14:00Z
beardruff,581,434,4005,0.4546346757694705,four,2017-07-24,2018-12-25,147,64,159,NA,NA,0.002547567868800255,0.02928216631950008,0.986227530826953,time,edges,3,FALSE,2020-03-15T15:14:00Z
beardruff,581,434,4005,0.4546346757694705,full,2008-01-07,2018-12-25,581,235,633,NA,NA,5.874177615133881e-4,0.007335563211023874,0.996573252519543,time,edges,3,FALSE,2020-03-15T15:14:00Z
bediquette,164,148,3502,1.272725899888175,one,2009-05-18,2011-10-11,56,10,59,NA,NA,0.0029222676797194622,0.03210463733650416,0.9824561403508771,time,edges,3,FALSE,2020-03-15T15:14:03Z
bediquette,164,148,3502,1.272725899888175,two,2011-10-12,2014-03-05,72,38,80,NA,NA,0.006012658227848101,0.05159429578593174,0.9686499042006494,time,edges,3,FALSE,2020-03-15T15:14:03Z
bediquette,164,148,3502,1.272725899888175,three,2014-03-06,2016-07-28,24,11,31,NA,NA,0.011827956989247313,0.03944444444444444,0.9747568687045214,time,edges,3,FALSE,2020-03-15T15:14:03Z
bediquette,164,148,3502,1.272725899888175,four,2016-07-29,2018-12-21,12,11,22,NA,NA,0.023809523809523808,0.024943310657596373,0.9792893218813452,time,edges,3,FALSE,2020-03-15T15:14:03Z
bediquette,164,148,3502,1.272725899888175,full,2009-05-20,2018-12-21,164,70,191,NA,NA,0.0019289060347203086,0.021869806094182827,0.9870618652256647,time,edges,3,FALSE,2020-03-15T15:14:03Z
begpacker,283,235,2597,1.6496091963069226,one,2017-04-10,2017-09-14,54,21,67,NA,NA,0.0047489823609226595,0.02594123048668503,0.9846153846153847,time,edges,3,FALSE,2020-03-15T15:14:06Z
begpacker,283,235,2597,1.6496091963069226,two,2017-09-15,2018-02-18,111,41,103,NA,NA,0.003902531886541024,0.11980968858131488,0.9603960396039604,time,edges,3,FALSE,2020-03-15T15:14:06Z
begpacker,283,235,2597,1.6496091963069226,three,2018-02-19,2018-07-26,37,15,43,NA,NA,0.008305647840531562,0.05243764172335601,0.9698520005487855,time,edges,3,FALSE,2020-03-15T15:14:06Z
begpacker,283,235,2597,1.6496091963069226,four,2018-07-27,2018-12-30,58,31,74,NA,NA,0.0057386153276564236,0.02195533871270407,0.9765896676017944,time,edges,3,FALSE,2020-03-15T15:14:06Z
begpacker,283,235,2597,1.6496091963069226,full,2011-11-20,2018-12-30,283,108,290,NA,NA,0.001288629041880444,0.05599789274553705,0.9835258241439652,time,edges,3,FALSE,2020-03-15T15:14:06Z
big dick energy,216458,164223,2319,0.9817093495598349,one,2018-06-25,2018-08-11,129184,22200,115892,NA,NA,1.652912280755634e-6,8.396621135182133e-4,0.9998791784422099,time,edges,3,FALSE,2020-03-15T15:14:22Z
big dick energy,216458,164223,2319,0.9817093495598349,two,2018-08-12,2018-09-27,42743,9949,45735,NA,NA,4.756544454645828e-6,0.002433307767754285,0.9996907553565823,time,edges,3,FALSE,2020-03-15T15:14:23Z
big dick energy,216458,164223,2319,0.9817093495598349,three,2018-09-28,2018-11-14,23988,5864,26979,NA,NA,8.056721717020614e-6,0.0028832948680226267,0.999544996604078,time,edges,3,FALSE,2020-03-15T15:14:23Z
big dick energy,216458,164223,2319,0.9817093495598349,four,2018-11-15,2018-12-31,20535,5148,23502,NA,NA,9.320675190145306e-6,0.0018204661589317592,0.999621744641316,time,edges,3,FALSE,2020-03-15T15:14:24Z
big dick energy,216458,164223,2319,0.9817093495598349,full,2012-08-25,2018-12-31,216458,42931,192154,NA,NA,1.162718027144256e-6,0.0016355623685125236,0.9998706046653418,time,edges,3,FALSE,2020-03-15T15:14:26Z
biobag,2182,931,4028,2.050377512745687,one,2010-11-22,2012-11-30,785,37,250,NA,NA,5.943775100401606e-4,0.017548104062837695,0.9904559486494064,time,edges,3,FALSE,2020-03-15T15:14:28Z
biobag,2182,931,4028,2.050377512745687,two,2012-12-01,2014-12-09,613,243,255,NA,NA,0.0037517369152385363,0.22943145886291771,0.9532535095446847,time,edges,3,FALSE,2020-03-15T15:14:28Z
biobag,2182,931,4028,2.050377512745687,three,2014-12-10,2016-12-18,150,45,92,NA,NA,0.00537505972288581,0.15565752928390292,0.9524285766284856,time,edges,3,FALSE,2020-03-15T15:14:28Z
biobag,2182,931,4028,2.050377512745687,four,2016-12-19,2018-12-27,535,143,489,NA,NA,5.992490529350632e-4,0.013773179252889008,0.989401431835683,time,edges,3,FALSE,2020-03-15T15:14:28Z
biobag,2182,931,4028,2.050377512745687,full,2007-12-17,2018-12-27,2182,475,1127,NA,NA,3.7430989076455356e-4,0.06984752452132544,0.9884173969491878,time,edges,3,FALSE,2020-03-15T15:14:28Z
birther,670694,251448,4478,5.0001923663788235,one,2009-03-16,2011-08-27,99638,39339,49576,NA,NA,1.600623209170803e-5,0.006560021198848813,0.9979531567224024,time,edges,3,FALSE,2020-03-15T15:14:59Z
birther,670694,251448,4478,5.0001923663788235,two,2011-08-28,2014-02-06,96797,49184,52560,NA,NA,1.7804156193186448e-5,0.017962331729002117,0.9985186125290996,time,edges,3,FALSE,2020-03-15T15:14:59Z
birther,670694,251448,4478,5.0001923663788235,three,2014-02-07,2016-07-19,94564,62158,54921,NA,NA,2.0607630906462704e-5,0.037188736652770185,0.9984377037626047,time,edges,3,FALSE,2020-03-15T15:15:00Z
birther,670694,251448,4478,5.0001923663788235,four,2016-07-20,2018-12-30,379675,417414,238332,NA,NA,7.348591709067497e-6,0.06484600596868755,0.9991379123753134,time,edges,3,FALSE,2020-03-15T15:15:06Z
birther,670694,251448,4478,5.0001923663788235,full,2006-09-26,2018-12-30,670694,563102,344164,NA,NA,4.753981096969151e-6,0.052840998876837623,0.9993503325346856,time,edges,3,FALSE,2020-03-15T15:15:13Z
blockchain,1444300,260761,2838,2.59939326985466,one,2011-05-02,2013-04-01,3731,282,637,NA,NA,6.96069429223068e-4,0.028436622364621654,0.9890289558866662,time,edges,3,FALSE,2020-03-15T15:16:28Z
blockchain,1444300,260761,2838,2.59939326985466,two,2013-04-02,2015-03-02,97803,24630,22538,NA,NA,4.8490083569223574e-5,0.03214444344872059,0.9977629868330777,time,edges,3,FALSE,2020-03-15T15:16:31Z
blockchain,1444300,260761,2838,2.59939326985466,three,2015-03-03,2017-01-29,414058,105399,93944,NA,NA,1.1942713601486325e-5,0.007072215468915441,0.9978392255097361,time,edges,3,FALSE,2020-03-15T15:16:32Z
blockchain,1444300,260761,2838,2.59939326985466,four,2017-01-30,2018-12-30,928702,277877,257331,NA,NA,4.196334251249984e-6,0.005856005958459284,0.9991526905304382,time,edges,3,FALSE,2020-03-15T15:16:37Z
blockchain,1444300,260761,2838,2.59939326985466,full,2011-03-24,2018-12-30,1444300,402057,332253,NA,NA,3.6420936852899484e-6,0.00546511494945817,0.9989696368596583,time,edges,3,FALSE,2020-03-15T15:16:44Z
bloggergate,2437,652,3696,2.776568702966749,one,2011-01-24,2013-01-02,503,128,179,NA,NA,0.004017324712824054,0.20216828683247065,0.9580264749707993,time,edges,3,FALSE,2020-03-15T15:16:46Z
bloggergate,2437,652,3696,2.776568702966749,two,2013-01-03,2014-12-12,560,362,383,NA,NA,0.0024742662638579413,0.4397734437104246,0.9546538409940265,time,edges,3,FALSE,2020-03-15T15:16:46Z
bloggergate,2437,652,3696,2.776568702966749,three,2014-12-13,2016-11-21,640,557,557,NA,NA,0.0017985611510791368,0.3891879302313545,0.9642654654846855,time,edges,3,FALSE,2020-03-15T15:16:46Z
bloggergate,2437,652,3696,2.776568702966749,four,2016-11-22,2018-10-31,712,410,668,NA,NA,9.20198583343059e-4,0.042621867477056076,0.9806198528328777,time,edges,3,FALSE,2020-03-15T15:16:46Z
bloggergate,2437,652,3696,2.776568702966749,full,2008-09-17,2018-10-31,2437,1340,1682,NA,NA,4.739266092814636e-4,0.21797809510429225,0.9845235761663474,time,edges,3,FALSE,2020-03-15T15:16:46Z
Boobgate,1613,1225,4046,2.5562362982313522,one,2009-09-14,2012-01-07,597,229,552,NA,NA,7.529130171756227e-4,0.012882039255470172,0.986058521604794,time,edges,3,FALSE,2020-03-15T15:16:47Z
Boobgate,1613,1225,4046,2.5562362982313522,two,2012-01-08,2014-05-01,220,107,271,NA,NA,0.0014623479568129014,0.007825788751714677,0.9927136519262414,time,edges,3,FALSE,2020-03-15T15:16:47Z
Boobgate,1613,1225,4046,2.5562362982313522,three,2014-05-02,2016-08-22,350,199,392,NA,NA,0.0012983454251265724,0.01023672006331722,0.9926821796389594,time,edges,3,FALSE,2020-03-15T15:16:47Z
Boobgate,1613,1225,4046,2.5562362982313522,four,2016-08-23,2018-12-15,433,358,540,NA,NA,0.0012299869442726585,0.027578040830094897,0.984580986509178,time,edges,3,FALSE,2020-03-15T15:16:47Z
Boobgate,1613,1225,4046,2.5562362982313522,full,2007-11-17,2018-12-15,1613,898,1744,NA,NA,2.954149494439093e-4,0.008602231234585091,0.9952086906004424,time,edges,3,FALSE,2020-03-15T15:16:47Z
Brexiteer,242839,67049,1494,1.115988964703729,one,2015-09-28,2016-07-22,13287,6860,11218,NA,NA,5.4517001381187435e-5,0.008237204178069068,0.9978280786141769,time,edges,3,FALSE,2020-03-15T15:16:59Z
Brexiteer,242839,67049,1494,1.115988964703729,two,2016-07-23,2017-05-15,30359,19557,20198,NA,NA,4.794099047248255e-5,0.005819555136031984,0.9959448894554759,time,edges,3,FALSE,2020-03-15T15:16:59Z
Brexiteer,242839,67049,1494,1.115988964703729,three,2017-05-16,2018-03-08,73989,72933,38265,NA,NA,4.9811772109062925e-5,0.009515563392921188,0.9961844452997486,time,edges,3,FALSE,2020-03-15T15:17:01Z
Brexiteer,242839,67049,1494,1.115988964703729,four,2018-03-09,2018-12-31,125196,144131,66853,NA,NA,3.224943382509931e-5,0.01639233609975505,0.9962434261517111,time,edges,3,FALSE,2020-03-15T15:17:02Z
Brexiteer,242839,67049,1494,1.115988964703729,full,2014-11-28,2018-12-31,242839,237685,101744,NA,NA,2.2960874671877574e-5,0.01317217954825731,0.9960921756444245,time,edges,3,FALSE,2020-03-15T15:17:06Z
Brexiter,90121,28334,2257,0.9625746554172077,one,2015-11-02,2016-08-17,9573,5490,9745,NA,NA,5.781669013034346e-5,0.0040990078775267535,0.9976440968527546,time,edges,3,FALSE,2020-03-15T15:17:10Z
Brexiter,90121,28334,2257,0.9625746554172077,two,2016-08-18,2017-06-02,11783,9645,10444,NA,NA,8.843213104877152e-5,0.007525043337956727,0.9968930456122281,time,edges,3,FALSE,2020-03-15T15:17:10Z
Brexiter,90121,28334,2257,0.9625746554172077,three,2017-06-03,2018-03-17,22689,31743,16798,NA,NA,1.1250159247008905e-4,0.01185462669954533,0.9928498966938438,time,edges,3,FALSE,2020-03-15T15:17:11Z
Brexiter,90121,28334,2257,0.9625746554172077,four,2018-03-18,2018-12-31,46055,65713,31413,NA,NA,6.65957158243197e-5,0.009913982205562548,0.9906652425457974,time,edges,3,FALSE,2020-03-15T15:17:13Z
Brexiter,90121,28334,2257,0.9625746554172077,full,2012-10-26,2018-12-31,90121,110292,53132,NA,NA,3.906968036046376e-5,0.007564919794285497,0.9930215725443722,time,edges,3,FALSE,2020-03-15T15:17:14Z
broette,4229,2547,3615,0.7726447646163015,one,2009-11-30,2012-03-08,970,493,972,NA,NA,5.22349790000551e-4,0.02215750057538864,0.9939651956477961,time,edges,3,FALSE,2020-03-15T15:17:15Z
broette,4229,2547,3615,0.7726447646163015,two,2012-03-09,2014-06-15,1982,1199,2263,NA,NA,2.342297358068306e-4,0.011928424178035447,0.9974161443565096,time,edges,3,FALSE,2020-03-15T15:17:15Z
broette,4229,2547,3615,0.7726447646163015,three,2014-06-16,2016-09-22,713,474,892,NA,NA,5.963974573840044e-4,0.00895348295273473,0.9958118002292741,time,edges,3,FALSE,2020-03-15T15:17:15Z
broette,4229,2547,3615,0.7726447646163015,four,2016-09-23,2018-12-30,526,646,941,NA,NA,7.303231057951026e-4,0.03601007243096424,0.9926461713870536,time,edges,3,FALSE,2020-03-15T15:17:15Z
broette,4229,2547,3615,0.7726447646163015,full,2009-02-05,2018-12-30,4229,2766,4937,NA,NA,1.135047136874374e-4,0.008903695831768189,0.9980282004535642,time,edges,3,FALSE,2020-03-15T15:17:15Z
broflake,13201,4449,2898,2.4947748979007525,one,2013-05-20,2014-10-14,64,14,40,NA,NA,0.008974358974358974,0.05654174884944116,0.980735505063977,time,edges,3,FALSE,2020-03-15T15:17:17Z
broflake,13201,4449,2898,2.4947748979007525,two,2014-10-15,2016-03-10,231,50,148,NA,NA,0.0022982165839308694,0.007959646443611457,0.9834717547455597,time,edges,3,FALSE,2020-03-15T15:17:17Z
broflake,13201,4449,2898,2.4947748979007525,three,2016-03-11,2017-08-05,5715,3577,4831,NA,NA,1.5329739394430295e-4,0.011857438627624964,0.9968368996099973,time,edges,3,FALSE,2020-03-15T15:17:18Z
broflake,13201,4449,2898,2.4947748979007525,four,2017-08-06,2018-12-30,7156,5410,6507,NA,NA,1.2779162698866567e-4,0.007327991783034771,0.9961473203477629,time,edges,3,FALSE,2020-03-15T15:17:18Z
broflake,13201,4449,2898,2.4947748979007525,full,2011-01-23,2018-12-30,13201,9027,10952,NA,NA,7.52655480595913e-5,0.00923979599447822,0.9977837458021748,time,edges,3,FALSE,2020-03-15T15:17:18Z
broga,35050,24049,3751,1.3281409570919787,one,2009-05-04,2011-10-03,2494,1320,2415,NA,NA,2.2642247345968394e-4,0.004953756360473872,0.9963237746351707,time,edges,3,FALSE,2020-03-15T15:17:22Z
broga,35050,24049,3751,1.3281409570919787,two,2011-10-04,2014-03-03,16479,6714,16824,NA,NA,2.3721854200184295e-5,0.002473007198894155,0.99951437680841,time,edges,3,FALSE,2020-03-15T15:17:22Z
broga,35050,24049,3751,1.3281409570919787,three,2014-03-04,2016-07-31,12347,4582,11908,NA,NA,3.2315725113950666e-5,0.010298607071747054,0.9988458568946758,time,edges,3,FALSE,2020-03-15T15:17:22Z
broga,35050,24049,3751,1.3281409570919787,four,2016-08-01,2018-12-30,3710,1428,3773,NA,NA,1.0033898838625395e-4,0.005468448657237736,0.9975955921398793,time,edges,3,FALSE,2020-03-15T15:17:22Z
broga,35050,24049,3751,1.3281409570919787,full,2008-09-22,2018-12-30,35050,13937,33511,NA,NA,1.241102025576996e-5,0.0038522219880114355,0.9994963136917012,time,edges,3,FALSE,2020-03-15T15:17:23Z
bromance,2662767,1564109,4309,0.8433661659327311,one,2008-05-12,2011-01-08,100437,65682,97042,NA,NA,6.974793700215199e-6,0.002981483501791156,0.9995738699355581,time,edges,3,FALSE,2020-03-15T15:19:18Z
bromance,2662767,1564109,4309,0.8433661659327311,two,2011-01-09,2013-09-05,1341964,920702,1234761,NA,NA,6.038841496095127e-7,0.005292331821839843,0.9998485383847137,time,edges,3,FALSE,2020-03-15T15:19:45Z
bromance,2662767,1564109,4309,0.8433661659327311,three,2013-09-06,2016-05-03,765610,521680,759327,NA,NA,9.047885035890225e-7,0.0041284205979775284,0.9998383104128787,time,edges,3,FALSE,2020-03-15T15:20:00Z
bromance,2662767,1564109,4309,0.8433661659327311,four,2016-05-04,2018-12-30,454713,328722,456425,NA,NA,1.5779414103646488e-6,0.007810254499998037,0.9998031017159194,time,edges,3,FALSE,2020-03-15T15:20:07Z
bromance,2662767,1564109,4309,0.8433661659327311,full,2007-03-14,2018-12-30,2662767,1817016,2303554,NA,NA,3.424223829102693e-7,0.004321027357702671,0.9999021590240066,time,edges,3,FALSE,2020-03-15T15:20:55Z
bromosexual,19735,15125,3800,0.9483513749009483,one,2009-01-05,2011-07-06,4568,1923,5179,NA,NA,7.170861378188098e-5,0.0012804119278744296,0.999498015101307,time,edges,3,FALSE,2020-03-15T15:20:56Z
bromosexual,19735,15125,3800,0.9483513749009483,two,2011-07-07,2014-01-03,10890,6817,14677,NA,NA,3.164814769524326e-5,3.090651968222705e-4,0.9997912246188152,time,edges,3,FALSE,2020-03-15T15:20:56Z
bromosexual,19735,15125,3800,0.9483513749009483,three,2014-01-04,2016-07-02,2697,1682,3919,NA,NA,1.0954342015919356e-4,0.0030816461816393806,0.9992091292527995,time,edges,3,FALSE,2020-03-15T15:20:56Z
bromosexual,19735,15125,3800,0.9483513749009483,four,2016-07-03,2018-12-31,1563,812,2063,NA,NA,1.9088339046513956e-4,0.003933234615380997,0.9984871541358937,time,edges,3,FALSE,2020-03-15T15:20:56Z
bromosexual,19735,15125,3800,0.9483513749009483,full,2008-08-05,2018-12-31,19735,11164,25091,NA,NA,1.7733775084995915e-5,5.402789892616155e-4,0.9998641875564087,time,edges,3,FALSE,2020-03-15T15:20:57Z
burquini,1263,1021,3502,5.198572654627073,one,2009-08-10,2011-12-11,667,121,573,NA,NA,3.691770707477514e-4,0.018018912905276543,0.9937257868739828,time,edges,3,FALSE,2020-03-15T15:20:58Z
burquini,1263,1021,3502,5.198572654627073,two,2011-12-12,2014-04-12,92,64,120,NA,NA,0.004481792717086834,0.02090247863851423,0.9900840128252031,time,edges,3,FALSE,2020-03-15T15:20:58Z
burquini,1263,1021,3502,5.198572654627073,three,2014-04-13,2016-08-11,55,33,77,NA,NA,0.005639097744360902,0.014283240997229918,0.97333344221572,time,edges,3,FALSE,2020-03-15T15:20:58Z
burquini,1263,1021,3502,5.198572654627073,four,2016-08-12,2018-12-12,447,272,611,NA,NA,7.29789917093719e-4,0.007479172265520022,0.9938168309994263,time,edges,3,FALSE,2020-03-15T15:20:58Z
burquini,1263,1021,3502,5.198572654627073,full,2009-05-11,2018-12-12,1263,489,1372,NA,NA,2.5996644359525616e-4,0.007404073437427679,0.9973849812445577,time,edges,3,FALSE,2020-03-15T15:20:58Z
cakeism,7025,3169,3665,2.2219769504755162,one,2012-05-07,2014-01-04,35,28,57,NA,NA,0.008771929824561403,0.0274234693877551,0.9818181818181818,time,edges,3,FALSE,2020-03-15T15:21:02Z
cakeism,7025,3169,3665,2.2219769504755162,two,2014-01-05,2015-09-03,38,19,49,NA,NA,0.008078231292517007,0.023654513888888888,0.94788319696206,time,edges,3,FALSE,2020-03-15T15:21:03Z
cakeism,7025,3169,3665,2.2219769504755162,three,2015-09-04,2017-05-02,46,37,69,NA,NA,0.007885763000852516,0.0442257785467128,0.9754365475960509,time,edges,3,FALSE,2020-03-15T15:21:03Z
cakeism,7025,3169,3665,2.2219769504755162,four,2017-05-03,2018-12-30,6877,10306,6701,NA,NA,2.2954916508340258e-4,0.010592927155268434,0.9947953016536653,time,edges,3,FALSE,2020-03-15T15:21:03Z
cakeism,7025,3169,3665,2.2219769504755162,full,2008-12-17,2018-12-30,7025,10413,6910,NA,NA,2.1811354094860224e-4,0.010276932839943688,0.9949516177618073,time,edges,3,FALSE,2020-03-15T15:21:03Z
cherpumple,4067,3224,3318,4.690916752399117,one,2009-12-28,2012-03-29,1828,967,1883,NA,NA,2.7287046751430524e-4,0.013815231495650386,0.9961790773685669,time,edges,3,FALSE,2020-03-15T15:21:04Z
cherpumple,4067,3224,3318,4.690916752399117,two,2012-03-30,2014-06-29,841,548,978,NA,NA,5.735181150092202e-4,0.017868498495069295,0.9949730718897153,time,edges,3,FALSE,2020-03-15T15:21:04Z
cherpumple,4067,3224,3318,4.690916752399117,three,2014-06-30,2016-09-28,1042,318,1123,NA,NA,2.523797505726163e-4,0.015358444463508949,0.9953411961546761,time,edges,3,FALSE,2020-03-15T15:21:04Z
cherpumple,4067,3224,3318,4.690916752399117,four,2016-09-29,2018-12-29,341,214,420,NA,NA,0.001216047278099784,0.0239005246039838,0.9910023251652663,time,edges,3,FALSE,2020-03-15T15:21:04Z
cherpumple,4067,3224,3318,4.690916752399117,full,2009-11-28,2018-12-29,4067,2025,4254,NA,NA,1.1192630307918379e-4,0.006120408277107779,0.9987179050108964,time,edges,3,FALSE,2020-03-15T15:21:04Z
circular economy,96140,42761,4144,0.9973911085125786,one,2011-02-14,2013-02-02,3202,1432,2447,NA,NA,2.3925035778955394e-4,0.027163510234808577,0.9910138347314099,time,edges,3,FALSE,2020-03-21T14:33:25Z
circular economy,96140,42761,4144,0.9973911085125786,two,2013-02-03,2015-01-22,17258,8358,10419,NA,NA,7.700022171420624e-5,0.03908973869044897,0.9967069559723122,time,edges,3,FALSE,2020-03-21T14:33:26Z
circular economy,96140,42761,4144,0.9973911085125786,three,2015-01-23,2017-01-10,33417,13662,20725,NA,NA,3.1808717432560135e-5,0.013624513607225427,0.9981347802914985,time,edges,3,FALSE,2020-03-21T14:33:26Z
circular economy,96140,42761,4144,0.9973911085125786,four,2017-01-11,2018-12-30,42175,26626,32116,NA,NA,2.581526289169688e-5,0.007587685825371315,0.998490916843398,time,edges,3,FALSE,2020-03-21T14:33:28Z
circular economy,96140,42761,4144,0.9973911085125786,full,2007-08-26,2018-12-30,96140,48945,55975,NA,NA,1.5621685388831314e-5,0.009301370153750477,0.9979956911285944,time,edges,3,FALSE,2020-03-21T14:33:29Z
climate denial,93616,45762,3791,1.9051265410292728,one,2009-06-01,2011-10-24,3102,1502,2538,NA,NA,2.3326944049190964e-4,0.021257171551227097,0.9953106048780744,time,edges,3,FALSE,2020-03-15T15:22:12Z
climate denial,93616,45762,3791,1.9051265410292728,two,2011-10-25,2014-03-17,18101,15117,12845,NA,NA,9.162863303559836e-5,0.05051959183245929,0.9947064866620343,time,edges,3,FALSE,2020-03-15T15:22:13Z
climate denial,93616,45762,3791,1.9051265410292728,three,2014-03-18,2016-08-08,27842,16412,18580,NA,NA,4.7543753318025014e-5,0.017257868644539955,0.9965019008529895,time,edges,3,FALSE,2020-03-15T15:22:13Z
climate denial,93616,45762,3791,1.9051265410292728,four,2016-08-09,2018-12-31,44511,30377,34624,NA,NA,2.533978620411047e-5,0.010950339676101631,0.9976555346261894,time,edges,3,FALSE,2020-03-15T15:22:14Z
climate denial,93616,45762,3791,1.9051265410292728,full,2008-08-14,2018-12-31,93616,62667,59158,NA,NA,1.790685347050945e-5,0.014029695787952004,0.9982526312152074,time,edges,3,FALSE,2020-03-15T15:22:15Z
climate emergency,14752,6836,4037,3.544721478153903,one,2009-08-31,2011-12-31,373,131,318,NA,NA,0.001299525821875682,0.019265790285503886,0.9900747019044279,time,edges,3,FALSE,2020-03-15T15:22:36Z
climate emergency,14752,6836,4037,3.544721478153903,two,2012-01-01,2014-05-01,489,280,553,NA,NA,9.172628875435701e-4,0.008155455786599455,0.9841667575407631,time,edges,3,FALSE,2020-03-15T15:22:36Z
climate emergency,14752,6836,4037,3.544721478153903,three,2014-05-02,2016-08-31,3150,950,2804,NA,NA,1.208711066144232e-4,0.011121054361891704,0.9969926831420558,time,edges,3,FALSE,2020-03-15T15:22:37Z
climate emergency,14752,6836,4037,3.544721478153903,four,2016-09-01,2018-12-31,10683,5606,7194,NA,NA,1.0833595090460519e-4,0.017411114722596766,0.9936540827785412,time,edges,3,FALSE,2020-03-15T15:22:37Z
climate emergency,14752,6836,4037,3.544721478153903,full,2007-12-12,2018-12-31,14752,6945,10238,NA,NA,6.626503345606565e-5,0.015027514984827356,0.9965855306528433,time,edges,3,FALSE,2020-03-15T15:22:37Z
covfefe,271539,149591,576,1.6523641977144294,one,2017-05-29,2017-10-21,145915,117543,139456,NA,NA,6.044014208000992e-6,0.03533894425219224,0.9992565555422636,time,edges,3,FALSE,2020-03-15T15:23:01Z
covfefe,271539,149591,576,1.6523641977144294,two,2017-10-22,2018-03-15,62742,52780,54894,NA,NA,1.7515701746403277e-5,0.03952376502703551,0.9987165100295149,time,edges,3,FALSE,2020-03-15T15:23:02Z
covfefe,271539,149591,576,1.6523641977144294,three,2018-03-16,2018-08-07,37712,37735,41309,NA,NA,2.2113908290948252e-5,0.041581003647559324,0.9985192358327183,time,edges,3,FALSE,2020-03-15T15:23:03Z
covfefe,271539,149591,576,1.6523641977144294,four,2018-08-08,2018-12-30,25170,28919,29984,NA,NA,3.216759685700232e-5,0.042226519829735666,0.9982540981110597,time,edges,3,FALSE,2020-03-15T15:23:04Z
covfefe,271539,149591,576,1.6523641977144294,full,2017-06-02,2018-12-30,271539,232837,226400,NA,NA,4.54256414029473e-6,0.04108680981209959,0.9993694197154038,time,edges,3,FALSE,2020-03-15T15:23:08Z
coworking,936771,153909,4423,1.0238866069275692,one,2007-03-05,2010-02-17,26453,14378,10761,NA,NA,1.2417483069973527e-4,0.013445847901493899,0.9916686129762141,time,edges,3,FALSE,2020-03-15T15:23:56Z
coworking,936771,153909,4423,1.0238866069275692,two,2010-02-18,2013-01-31,158616,68896,49737,NA,NA,2.7851177909977303e-5,0.008788876920453652,0.9969194504718294,time,edges,3,FALSE,2020-03-15T15:23:57Z
coworking,936771,153909,4423,1.0238866069275692,three,2013-02-01,2016-01-15,287354,120851,98870,NA,NA,1.2363048491711203e-5,0.008731618700392026,0.9978037445474516,time,edges,3,FALSE,2020-03-15T15:23:59Z
coworking,936771,153909,4423,1.0238866069275692,four,2016-01-16,2018-12-30,464326,124621,125254,NA,NA,7.943492524578447e-6,0.03237876483786538,0.9992874119275855,time,edges,3,FALSE,2020-03-15T15:24:03Z
coworking,936771,153909,4423,1.0238866069275692,full,2006-11-20,2018-12-30,936771,320158,246555,NA,NA,5.266698913521903e-6,0.016447585201759322,0.9986944959550912,time,edges,3,FALSE,2020-03-15T15:24:08Z
cuckold,335299,55341,4249,1.1396979711980588,one,2008-12-08,2011-06-14,16177,1976,5702,NA,NA,6.0786716699630745e-5,0.0072199041512087435,0.9985377906473353,time,edges,3,FALSE,2020-03-15T15:24:19Z
cuckold,335299,55341,4249,1.1396979711980588,two,2011-06-15,2013-12-19,76125,11527,22867,NA,NA,2.2045345127193263e-5,0.0037610282516443274,0.9980090665513709,time,edges,3,FALSE,2020-03-15T15:24:19Z
cuckold,335299,55341,4249,1.1396979711980588,three,2013-12-20,2016-06-25,178622,17793,31074,NA,NA,1.8427602362255194e-5,0.010425057890586583,0.9991557433777988,time,edges,3,FALSE,2020-03-15T15:24:19Z
cuckold,335299,55341,4249,1.1396979711980588,four,2016-06-26,2018-12-30,64260,16406,28129,NA,NA,2.0735263600078154e-5,0.006325479371443206,0.9984568200772543,time,edges,3,FALSE,2020-03-15T15:24:20Z
cuckold,335299,55341,4249,1.1396979711980588,full,2007-05-13,2018-12-30,335299,47191,80231,NA,NA,7.331286351268962e-6,0.004043572908120986,0.9996538621841439,time,edges,3,FALSE,2020-03-15T15:24:21Z
dashcam,247275,109884,3931,2.145687700457776,one,2009-03-23,2011-09-01,2325,495,1821,NA,NA,1.4935640965295003e-4,0.008371724429416737,0.9976037167212418,time,edges,3,FALSE,2020-03-15T15:24:33Z
dashcam,247275,109884,3931,2.145687700457776,two,2011-09-02,2014-02-10,23046,5135,16076,NA,NA,1.9870622320029626e-5,0.009156437674295984,0.9989291797558346,time,edges,3,FALSE,2020-03-15T15:24:33Z
dashcam,247275,109884,3931,2.145687700457776,three,2014-02-11,2016-07-22,97721,21933,54798,NA,NA,7.3042654526441314e-06,0.009272570041550073,0.9994191322749337,time,edges,3,FALSE,2020-03-15T15:24:34Z
dashcam,247275,109884,3931,2.145687700457776,four,2016-07-23,2018-12-31,124124,39869,75078,NA,NA,7.0731967300255805e-6,0.010815293375580022,0.9994610125666392,time,edges,3,FALSE,2020-03-15T15:24:35Z
dashcam,247275,109884,3931,2.145687700457776,full,2008-03-27,2018-12-31,247275,66805,134452,NA,NA,3.695537935836966e-6,0.010635947423948553,0.9995999880651116,time,edges,3,FALSE,2020-03-15T15:24:38Z
deep learning,236958,99014,4277,1.6142215695419322,one,2009-03-23,2011-09-01,1424,600,1525,NA,NA,2.58164450755131e-4,0.0046661551656436645,0.9967467607697462,time,edges,3,FALSE,2020-03-15T15:25:14Z
deep learning,236958,99014,4277,1.6142215695419322,two,2011-09-02,2014-02-10,9902,3769,8692,NA,NA,4.989266128064202e-5,0.010594520329335808,0.9984453561484058,time,edges,3,FALSE,2020-03-15T15:25:15Z
deep learning,236958,99014,4277,1.6142215695419322,three,2014-02-11,2016-07-22,81459,21400,45214,NA,NA,1.0468332749958586e-5,0.009610870898407769,0.9990126500833374,time,edges,3,FALSE,2020-03-15T15:25:15Z
deep learning,236958,99014,4277,1.6142215695419322,four,2016-07-23,2018-12-31,144088,54061,83301,NA,NA,7.790922037414383e-6,0.0036117002142994053,0.9985095097406448,time,edges,3,FALSE,2020-03-15T15:25:17Z
deep learning,236958,99014,4277,1.6142215695419322,full,2007-04-16,2018-12-31,236958,79304,125111,NA,NA,5.066494478600389e-6,0.004179284710471491,0.9990411171293153,time,edges,3,FALSE,2020-03-15T15:25:18Z
deepfake,20101,7411,1932,1.729612687829989,one,2018-01-01,2018-04-02,5264,714,2576,NA,NA,1.0764035457999157e-4,0.0031945706475633895,0.9972592783034813,time,edges,3,FALSE,2020-03-15T15:25:22Z
deepfake,20101,7411,1932,1.729612687829989,two,2018-04-03,2018-07-02,5122,937,2484,NA,NA,1.5191871554266274e-4,0.015964052942205955,0.9965049700513182,time,edges,3,FALSE,2020-03-15T15:25:22Z
deepfake,20101,7411,1932,1.729612687829989,three,2018-07-03,2018-09-30,5775,764,2804,NA,NA,9.720581626675718e-5,0.007397405231564112,0.9980159121814782,time,edges,3,FALSE,2020-03-15T15:25:22Z
deepfake,20101,7411,1932,1.729612687829989,four,2018-10-01,2018-12-30,3906,1094,2338,NA,NA,2.002230638667649e-4,0.011357908322681633,0.996306722556409,time,edges,3,FALSE,2020-03-15T15:25:22Z
deepfake,20101,7411,1932,1.729612687829989,full,2013-09-15,2018-12-30,20101,3490,9210,NA,NA,4.1148435139160117e-05,0.004520098128803423,0.9989333557230948,time,edges,3,FALSE,2020-03-15T15:25:24Z
detweet,6021,4967,4044,0.743605557673174,one,2009-01-12,2011-07-11,1593,692,1628,NA,NA,2.612547173088046e-4,0.008041164597569669,0.9973664165243127,time,edges,3,FALSE,2020-03-15T15:25:26Z
detweet,6021,4967,4044,0.743605557673174,two,2011-07-12,2014-01-06,2557,1393,3450,NA,NA,1.170681693076338e-4,0.0024931064853301655,0.9995226939353057,time,edges,3,FALSE,2020-03-15T15:25:26Z
detweet,6021,4967,4044,0.743605557673174,three,2014-01-07,2016-07-04,1066,651,1533,NA,NA,2.771916019886262e-4,0.006907470907839034,0.9974193965687755,time,edges,3,FALSE,2020-03-15T15:25:26Z
detweet,6021,4967,4044,0.743605557673174,four,2016-07-05,2018-12-31,774,627,1266,NA,NA,3.915104059344735e-4,0.010684122545267072,0.9960637953167255,time,edges,3,FALSE,2020-03-15T15:25:26Z
detweet,6021,4967,4044,0.743605557673174,full,2007-12-05,2018-12-31,6021,3372,7807,NA,NA,5.5331805243466344e-5,0.004493027463517851,0.9989986956028679,time,edges,3,FALSE,2020-03-15T15:25:26Z
dogfishing,399,357,3534,1.4896571582868916,one,2013-09-16,2015-01-10,46,17,58,NA,NA,0.00514216575922565,0.012619267466912895,0.9926033292433375,time,edges,3,FALSE,2020-03-15T15:25:28Z
dogfishing,399,357,3534,1.4896571582868916,two,2015-01-11,2016-05-05,116,30,133,NA,NA,0.0017088174982911825,0.013544536271808998,0.9818937575409686,time,edges,3,FALSE,2020-03-15T15:25:28Z
dogfishing,399,357,3534,1.4896571582868916,three,2016-05-06,2017-08-29,93,72,143,NA,NA,0.0035457500246232642,0.07089367189049792,0.9745916617379019,time,edges,3,FALSE,2020-03-15T15:25:28Z
dogfishing,399,357,3534,1.4896571582868916,four,2017-08-30,2018-12-23,87,52,130,NA,NA,0.0031007751937984496,0.012499248843218557,0.9926009186967787,time,edges,3,FALSE,2020-03-15T15:25:28Z
dogfishing,399,357,3534,1.4896571582868916,full,2009-04-20,2018-12-23,399,186,516,NA,NA,6.99932264619553e-4,0.019726647186351212,0.9930300083755723,time,edges,3,FALSE,2020-03-15T15:25:28Z
dotard,67120,23616,186,0.36131743434984964,one,2018-06-25,2018-08-11,21485,25191,20039,NA,NA,6.273573498441189e-5,0.09381358969211119,0.9967798808649974,time,edges,3,FALSE,2020-03-15T15:25:40Z
dotard,67120,23616,186,0.36131743434984964,two,2018-08-12,2018-09-27,18859,23058,17298,NA,NA,7.706460498494293e-5,0.1032994338318582,0.996356243826742,time,edges,3,FALSE,2020-03-15T15:25:40Z
dotard,67120,23616,186,0.36131743434984964,three,2018-09-28,2018-11-14,12545,16275,13279,NA,NA,9.230451868136265e-5,0.07014192779383742,0.9964527914877889,time,edges,3,FALSE,2020-03-15T15:25:41Z
dotard,67120,23616,186,0.36131743434984964,four,2018-11-15,2018-12-31,14231,16527,13646,NA,NA,8.875955580372403e-5,0.0978663785319011,0.9960423756940205,time,edges,3,FALSE,2020-03-15T15:25:41Z
dotard,67120,23616,186,0.36131743434984964,full,2018-06-28,2018-12-31,67120,75455,47900,NA,NA,3.288713669041169e-5,0.09452220838169323,0.9978691653692929,time,edges,3,FALSE,2020-03-15T15:25:42Z
dronography,1104,253,2863,0.6170186436118095,one,2014-07-14,2015-08-25,140,50,93,NA,NA,0.005843852267414679,0.06001890359168242,0.9530037563171677,time,edges,3,FALSE,2020-03-15T15:25:44Z
dronography,1104,253,2863,0.6170186436118095,two,2015-08-26,2016-10-05,469,144,166,NA,NA,0.005257393209200438,0.07702479338842975,0.952113368561366,time,edges,3,FALSE,2020-03-15T15:25:44Z
dronography,1104,253,2863,0.6170186436118095,three,2016-10-06,2017-11-17,291,81,131,NA,NA,0.004756312389900177,0.18124260355029587,0.9544667745333106,time,edges,3,FALSE,2020-03-15T15:25:44Z
dronography,1104,253,2863,0.6170186436118095,four,2017-11-18,2018-12-29,183,56,103,NA,NA,0.00533028745478774,0.15301806997308728,0.9535452834056659,time,edges,3,FALSE,2020-03-15T15:25:44Z
dronography,1104,253,2863,0.6170186436118095,full,2011-02-26,2018-12-29,1104,284,418,NA,NA,0.0016293185547255975,0.07168366026603178,0.965508786985266,time,edges,3,FALSE,2020-03-15T15:25:44Z
eco-anxiety,586,505,4241,1.690105481906779,one,2010-01-04,2012-04-03,95,17,89,NA,NA,0.002170582226762002,0.020790289256198347,0.9857923220977036,time,edges,3,FALSE,2020-03-15T15:25:47Z
eco-anxiety,586,505,4241,1.690105481906779,two,2012-04-04,2014-07-02,59,20,60,NA,NA,0.005649717514124294,0.028727377190462512,0.973076675641227,time,edges,3,FALSE,2020-03-15T15:25:47Z
eco-anxiety,586,505,4241,1.690105481906779,three,2014-07-03,2016-09-28,27,11,35,NA,NA,0.009243697478991597,0.035899653979238756,0.9778166421948826,time,edges,3,FALSE,2020-03-15T15:25:47Z
eco-anxiety,586,505,4241,1.690105481906779,four,2016-09-29,2018-12-27,373,152,437,NA,NA,7.977662544874351e-4,0.01874053110007575,0.9924535877897508,time,edges,3,FALSE,2020-03-15T15:25:47Z
eco-anxiety,586,505,4241,1.690105481906779,full,2007-05-18,2018-12-27,586,205,645,NA,NA,4.935240021185421e-4,0.012724962385710428,0.9948947289090849,time,edges,3,FALSE,2020-03-15T15:25:47Z
ecocide,68643,21719,3857,1.5749205927012928,one,2009-03-02,2011-08-17,4242,1654,2040,NA,NA,3.976382117339334e-4,0.04646182184046695,0.9893284220061277,time,edges,3,FALSE,2020-03-15T15:25:53Z
ecocide,68643,21719,3857,1.5749205927012928,two,2011-08-18,2014-01-31,20217,8104,9942,NA,NA,8.1996553756886e-5,0.05680934271076729,0.9959691884662378,time,edges,3,FALSE,2020-03-15T15:25:54Z
ecocide,68643,21719,3857,1.5749205927012928,three,2014-02-01,2016-07-16,21303,10829,11956,NA,NA,7.57622505159375e-5,0.09520614474920853,0.9959238822206349,time,edges,3,FALSE,2020-03-15T15:25:54Z
ecocide,68643,21719,3857,1.5749205927012928,four,2016-07-17,2018-12-31,22872,16650,18285,NA,NA,4.980214639174924e-5,0.09216700828719537,0.9968698541067255,time,edges,3,FALSE,2020-03-15T15:25:55Z
ecocide,68643,21719,3857,1.5749205927012928,full,2008-06-09,2018-12-31,68643,35848,37142,NA,NA,2.5986396017298617e-5,0.058307346195360044,0.9981256317838862,time,edges,3,FALSE,2020-03-15T15:25:56Z
emojinal,4449,3615,3538,2.3504721774836006,one,2011-11-21,2013-08-29,502,202,597,NA,NA,5.677155351702585e-4,0.007834669609477051,0.9951237567300805,time,edges,3,FALSE,2020-03-15T15:25:57Z
emojinal,4449,3615,3538,2.3504721774836006,two,2013-08-30,2015-06-07,1363,584,1556,NA,NA,2.413642037047752e-4,0.01005448661614334,0.9967296172748572,time,edges,3,FALSE,2020-03-15T15:25:57Z
emojinal,4449,3615,3538,2.3504721774836006,three,2015-06-08,2017-03-16,1695,800,1887,NA,NA,2.2478969519079307e-4,0.0353188477018248,0.9942419482043978,time,edges,3,FALSE,2020-03-15T15:25:58Z
emojinal,4449,3615,3538,2.3504721774836006,four,2017-03-17,2018-12-23,858,653,1163,NA,NA,4.8320045937342296e-4,0.054210572311374834,0.991147531631697,time,edges,3,FALSE,2020-03-15T15:25:58Z
emojinal,4449,3615,3538,2.3504721774836006,full,2009-04-16,2018-12-23,4449,2241,5103,NA,NA,8.607476267217544e-5,0.013146607328875879,0.9978627666439849,time,edges,3,FALSE,2020-03-15T15:25:58Z
encore career,8078,4724,3892,1.8837745936125365,one,2009-04-06,2011-09-11,979,252,707,NA,NA,5.048663506577286e-4,0.02148019003442769,0.9891581257693067,time,edges,3,FALSE,2020-03-15T15:25:59Z
encore career,8078,4724,3892,1.8837745936125365,two,2011-09-12,2014-02-15,2412,741,1797,NA,NA,2.295957256154467e-4,0.019825980525890248,0.9927155886182465,time,edges,3,FALSE,2020-03-15T15:25:59Z
encore career,8078,4724,3892,1.8837745936125365,three,2014-02-16,2016-07-22,1781,683,1380,NA,NA,3.5890321699193916e-4,0.014880306009388734,0.9869703045170058,time,edges,3,FALSE,2020-03-15T15:26:00Z
encore career,8078,4724,3892,1.8837745936125365,four,2016-07-23,2018-12-27,2897,883,2177,NA,NA,1.8639891647977518e-4,0.055445687581098614,0.9934487495569951,time,edges,3,FALSE,2020-03-15T15:26:00Z
encore career,8078,4724,3892,1.8837745936125365,full,2008-05-01,2018-12-27,8078,2510,5636,NA,NA,7.903306352935842e-5,0.021397700548526962,0.9956336504695565,time,edges,3,FALSE,2020-03-15T15:26:00Z
fake nudes,12530,10354,3937,1.221463203207834,one,2010-04-12,2012-06-16,808,258,795,NA,NA,4.087258210161114e-4,0.008417983744583114,0.9963645803153337,time,edges,3,FALSE,2020-03-15T15:26:02Z
fake nudes,12530,10354,3937,1.221463203207834,two,2012-06-17,2014-08-21,4518,1864,5081,NA,NA,7.221592872628769e-5,0.0027826624403248807,0.9990973984207328,time,edges,3,FALSE,2020-03-15T15:26:02Z
fake nudes,12530,10354,3937,1.221463203207834,three,2014-08-22,2016-10-26,3632,1389,4352,NA,NA,7.33540801979261e-5,0.002915134649935839,0.9990375680795229,time,edges,3,FALSE,2020-03-15T15:26:02Z
fake nudes,12530,10354,3937,1.221463203207834,four,2016-10-27,2018-12-31,3503,1551,4226,NA,NA,8.686715374254054e-5,0.006305157382444592,0.9984970480046522,time,edges,3,FALSE,2020-03-15T15:26:03Z
fake nudes,12530,10354,3937,1.221463203207834,full,2008-03-21,2018-12-31,12530,5064,14213,NA,NA,2.5069908112053935e-5,0.0018748649872633528,0.9995532707600907,time,edges,3,FALSE,2020-03-15T15:26:03Z
fidget spinner,75,70,644,0.5404231146584524,one,2017-05-22,2017-10-15,48,15,57,NA,NA,0.004699248120300752,0.013392857142857142,0.9924688443204892,time,edges,3,FALSE,2020-03-15T15:26:05Z
fleek,3412807,1763262,4009,1.4710004517331834,one,2009-12-14,2012-03-19,912,178,434,NA,NA,9.472014984940561e-4,0.015254228248057219,0.9917119169238648,time,edges,3,FALSE,2020-03-15T15:28:21Z
fleek,3412807,1763262,4009,1.4710004517331834,two,2012-03-20,2014-06-23,2853,1849,1428,NA,NA,9.073706567420242e-4,0.05554357866533355,0.9803026109835214,time,edges,3,FALSE,2020-03-15T15:28:21Z
fleek,3412807,1763262,4009,1.4710004517331834,three,2014-06-24,2016-09-25,2914631,924898,1863000,NA,NA,2.664822972823947e-7,0.0020126181261308734,0.9999519581661312,time,edges,3,FALSE,2020-03-15T15:29:07Z
fleek,3412807,1763262,4009,1.4710004517331834,four,2016-09-26,2018-12-30,494352,197897,491795,NA,NA,8.182233625364062e-7,9.416514725864948e-4,0.999935576091298,time,edges,3,FALSE,2020-03-15T15:29:16Z
fleek,3412807,1763262,4009,1.4710004517331834,full,2008-01-08,2018-12-30,3412807,1122109,2223712,NA,NA,2.269228145866085e-7,0.0016967119764898704,0.9999595505579519,time,edges,3,FALSE,2020-03-15T15:30:05Z
followership,75287,45605,4272,0.7147412658065043,one,2008-06-30,2011-02-14,3969,2255,4650,NA,NA,1.0431194591506555e-4,0.01786038079227598,0.9974288552527483,time,edges,3,FALSE,2020-03-15T15:30:14Z
followership,75287,45605,4272,0.7147412658065043,two,2011-02-15,2013-09-30,18104,10459,18828,NA,NA,2.950562719337904e-5,0.006875836459770433,0.9993024515395232,time,edges,3,FALSE,2020-03-15T15:30:15Z
followership,75287,45605,4272,0.7147412658065043,three,2013-10-01,2016-05-15,25291,11940,22769,NA,NA,2.3032203387581105e-5,0.01958868546286067,0.9987334427761706,time,edges,3,FALSE,2020-03-15T15:30:16Z
followership,75287,45605,4272,0.7147412658065043,four,2016-05-16,2018-12-30,27885,20452,30038,NA,NA,2.266773968318981e-5,0.004888105238394104,0.9987662647748727,time,edges,3,FALSE,2020-03-15T15:30:17Z
followership,75287,45605,4272,0.7147412658065043,full,2007-04-20,2018-12-30,75287,44976,70299,NA,NA,9.100991560436599e-6,0.00643498610756856,0.9995826864237708,time,edges,3,FALSE,2020-03-15T15:30:19Z
foodventure,4783,2326,3839,0.7714314151031233,one,2009-03-16,2011-08-27,321,168,326,NA,NA,0.0015856536101934876,0.009211834319526628,0.9902297769536684,time,edges,3,FALSE,2020-03-15T15:30:21Z
foodventure,4783,2326,3839,0.7714314151031233,two,2011-08-28,2014-02-06,1079,486,1055,NA,NA,4.3706215095730996e-4,0.02425385897763647,0.9945743863880093,time,edges,3,FALSE,2020-03-15T15:30:21Z
foodventure,4783,2326,3839,0.7714314151031233,three,2014-02-07,2016-07-19,1929,392,1287,NA,NA,2.3684627106089002e-4,0.0036540177869580047,0.9981986527800101,time,edges,3,FALSE,2020-03-15T15:30:21Z
foodventure,4783,2326,3839,0.7714314151031233,four,2016-07-20,2018-12-30,1450,406,1034,NA,NA,3.8010639234094983e-4,0.0073714563639958805,0.994075579208202,time,edges,3,FALSE,2020-03-15T15:30:21Z
foodventure,4783,2326,3839,0.7714314151031233,full,2008-06-26,2018-12-30,4783,1442,3567,NA,NA,1.1336547503986267e-4,0.007179729790515459,0.9983923268180078,time,edges,3,FALSE,2020-03-15T15:30:22Z
gaslighting,402457,181915,4282,1.9756948331505233,one,2009-03-16,2011-08-27,800,379,927,NA,NA,4.4151807661212345e-4,0.0033417844930936844,0.9992582263117463,time,edges,3,FALSE,2020-03-15T15:30:41Z
gaslighting,402457,181915,4282,1.9756948331505233,two,2011-08-28,2014-02-06,9317,5032,9177,NA,NA,5.9756684839729056e-5,0.010021980552352561,0.9984917190656122,time,edges,3,FALSE,2020-03-15T15:30:41Z
gaslighting,402457,181915,4282,1.9756948331505233,three,2014-02-07,2016-07-19,33240,18367,29053,NA,NA,2.1760617061577733e-5,0.008979649934392923,0.999232530180215,time,edges,3,FALSE,2020-03-15T15:30:42Z
gaslighting,402457,181915,4282,1.9756948331505233,four,2016-07-20,2018-12-30,359058,399672,276769,NA,NA,5.217595462136068e-6,0.02841941393459644,0.9994587885732833,time,edges,3,FALSE,2020-03-15T15:30:51Z
gaslighting,402457,181915,4282,1.9756948331505233,full,2007-04-10,2018-12-30,402457,423021,302364,NA,NA,4.627039423779421e-6,0.02614118491871416,0.9995029734145573,time,edges,3,FALSE,2020-03-15T15:30:59Z
gegenpressing,7789,5208,2255,1.81490016979544,one,2013-04-29,2014-09-29,377,201,369,NA,NA,0.0014802050194414986,0.014864425803402647,0.9739893734279645,time,edges,3,FALSE,2020-03-15T15:31:00Z
gegenpressing,7789,5208,2255,1.81490016979544,two,2014-09-30,2016-02-29,2558,1186,2557,NA,NA,1.8146509964055832e-4,0.008820419473894314,0.9972369877267157,time,edges,3,FALSE,2020-03-15T15:31:00Z
gegenpressing,7789,5208,2255,1.81490016979544,three,2016-03-01,2017-07-30,2314,1124,2525,NA,NA,1.763662895608103e-4,0.013101405587187092,0.996599342848776,time,edges,3,FALSE,2020-03-15T15:31:00Z
gegenpressing,7789,5208,2255,1.81490016979544,four,2017-07-31,2018-12-30,2524,1818,3161,NA,NA,1.8200457314020957e-4,0.01153050392565294,0.9965438385544454,time,edges,3,FALSE,2020-03-15T15:31:00Z
gegenpressing,7789,5208,2255,1.81490016979544,full,2012-10-27,2018-12-30,7789,4297,7652,NA,NA,7.33959659240482e-5,0.011756659598470397,0.9980329754650472,time,edges,3,FALSE,2020-03-15T15:31:00Z
ghosting,347146,248044,4314,1.125230880028787,one,2008-04-14,2010-12-18,9495,3444,9998,NA,NA,3.4457226545839324e-5,0.004617400024448667,0.9990813943422221,time,edges,3,FALSE,2020-03-15T15:31:22Z
ghosting,347146,248044,4314,1.125230880028787,two,2010-12-19,2013-08-22,64753,28024,64654,NA,NA,6.704185830240003e-6,0.001315760599102374,0.9997947558130641,time,edges,3,FALSE,2020-03-15T15:31:23Z
ghosting,347146,248044,4314,1.125230880028787,three,2013-08-23,2016-04-26,78055,32521,79112,NA,NA,5.196185579181611e-6,0.0011893429976944975,0.9998292261172694,time,edges,3,FALSE,2020-03-15T15:31:24Z
ghosting,347146,248044,4314,1.125230880028787,four,2016-04-27,2018-12-30,194770,81533,202736,NA,NA,1.9836900615322154e-6,0.0013446083863029533,0.999889530340146,time,edges,3,FALSE,2020-03-15T15:31:27Z
ghosting,347146,248044,4314,1.125230880028787,full,2007-03-09,2018-12-30,347146,145011,339838,NA,NA,1.2556203537472147e-6,0.0010933900285509076,0.9999188761085256,time,edges,3,FALSE,2020-03-15T15:31:31Z
glamping,424622,170779,4151,1.0630704213792497,one,2009-01-05,2011-07-06,16842,8686,14879,NA,NA,3.923751790454561e-5,0.01266493401609336,0.99815812423011,time,edges,3,FALSE,2020-03-15T15:31:49Z
glamping,424622,170779,4151,1.0630704213792497,two,2011-07-07,2014-01-02,69159,38709,67382,NA,NA,8.525710911885931e-6,0.0020024566495002705,0.9994412373946615,time,edges,3,FALSE,2020-03-15T15:31:51Z
glamping,424622,170779,4151,1.0630704213792497,three,2014-01-03,2016-07-01,191819,55472,95247,NA,NA,6.1147087064601135e-6,0.0401167263166923,0.9990994232594355,time,edges,3,FALSE,2020-03-15T15:31:53Z
glamping,424622,170779,4151,1.0630704213792497,four,2016-07-02,2018-12-30,146754,47658,79276,NA,NA,7.583292944955061e-6,0.0031775718950943096,0.9993367088855815,time,edges,3,FALSE,2020-03-15T15:31:54Z
glamping,424622,170779,4151,1.0630704213792497,full,2007-08-19,2018-12-30,424622,148714,237192,NA,NA,2.6433435547276784e-6,0.01622906961773468,0.9996242067677804,time,edges,3,FALSE,2020-03-15T15:31:57Z
gorpcore,582,388,881,1.9643219588099263,one,2017-05-22,2017-10-13,385,69,261,NA,NA,0.0010167992926613616,0.03372781065088758,0.9869759359986947,time,edges,3,FALSE,2020-03-15T15:32:01Z
gorpcore,582,388,881,1.9643219588099263,two,2017-10-14,2018-03-06,75,33,92,NA,NA,0.003941710463449594,0.018234512740007244,1,time,edges,3,FALSE,2020-03-15T15:32:01Z
gorpcore,582,388,881,1.9643219588099263,three,2018-03-07,2018-07-28,37,11,42,NA,NA,0.006387921022067364,0.030933967876264127,0.9816987298107781,time,edges,3,FALSE,2020-03-15T15:32:01Z
gorpcore,582,388,881,1.9643219588099263,four,2018-07-29,2018-12-19,84,28,95,NA,NA,0.003135498320268757,0.029085559076505205,0.9819239528151623,time,edges,3,FALSE,2020-03-15T15:32:01Z
gorpcore,582,388,881,1.9643219588099263,full,2016-07-21,2018-12-19,582,143,474,NA,NA,6.378176822686684e-4,0.022665814445154628,0.9917388223231316,time,edges,3,FALSE,2020-03-15T15:32:01Z
halfalogue,245,230,3128,1.310858949131785,one,2010-05-17,2012-07-08,163,67,189,NA,NA,0.001885624226049758,0.008799230421004979,0.9916494501988832,time,edges,3,FALSE,2020-03-15T15:32:08Z
halfalogue,245,230,3128,1.310858949131785,two,2012-07-09,2014-08-30,49,20,62,NA,NA,0.005288207297726071,0.027949475947325986,0.9765622547731552,time,edges,3,FALSE,2020-03-15T15:32:09Z
halfalogue,245,230,3128,1.310858949131785,three,2014-08-31,2016-10-20,11,5,16,NA,NA,0.020833333333333332,0.04888888888888889,0.9704133169733503,time,edges,3,FALSE,2020-03-15T15:32:09Z
halfalogue,245,230,3128,1.310858949131785,four,2016-10-21,2018-12-12,22,15,34,NA,NA,0.013368983957219251,0.017447199265381085,0.9870558261758408,time,edges,3,FALSE,2020-03-15T15:32:09Z
halfalogue,245,230,3128,1.310858949131785,full,2010-05-20,2018-12-12,245,107,296,NA,NA,0.0012253779202931747,0.01237575409365125,0.9924319641546883,time,edges,3,FALSE,2020-03-15T15:32:09Z
helicopter parenting,26393,18913,4142,2.6620803706808682,one,2009-03-02,2011-08-17,1350,507,1387,NA,NA,2.637353033892327e-4,0.007317297901713486,0.9973119053628624,time,edges,3,FALSE,2020-03-15T15:32:12Z
helicopter parenting,26393,18913,4142,2.6620803706808682,two,2011-08-18,2014-01-30,3852,1676,4325,NA,NA,8.961943822087233e-5,0.010666778413792691,0.997984188088307,time,edges,3,FALSE,2020-03-15T15:32:12Z
helicopter parenting,26393,18913,4142,2.6620803706808682,three,2014-01-31,2016-07-15,10721,3293,10323,NA,NA,3.09045161568116e-5,0.0021491137851024564,0.9988747564227395,time,edges,3,FALSE,2020-03-15T15:32:12Z
helicopter parenting,26393,18913,4142,2.6620803706808682,four,2016-07-16,2018-12-30,10440,5276,10872,NA,NA,4.4640170779282005e-5,0.0022552637070856144,0.9991725748540381,time,edges,3,FALSE,2020-03-15T15:32:12Z
helicopter parenting,26393,18913,4142,2.6620803706808682,full,2007-08-28,2018-12-30,26393,10733,25747,NA,NA,1.6191412284313017e-5,0.002353200070224549,0.9994066663655464,time,edges,3,FALSE,2020-03-15T15:32:13Z
hyperlocal,209937,64347,4288,0.9783702911081873,one,2007-09-10,2010-07-08,25168,13742,12569,NA,NA,8.699274720284956e-5,0.029753057435026403,0.9948720456654838,time,edges,3,FALSE,2020-03-15T15:32:23Z
hyperlocal,209937,64347,4288,0.9783702911081873,two,2010-07-09,2013-05-05,99223,34109,33450,NA,NA,3.0485247581028358e-05,0.02375269966047496,0.9969061109819707,time,edges,3,FALSE,2020-03-15T15:32:24Z
hyperlocal,209937,64347,4288,0.9783702911081873,three,2013-05-06,2016-03-03,47492,22273,29353,NA,NA,2.5851665254870702e-5,0.019700902907916845,0.9979538985408624,time,edges,3,FALSE,2020-03-15T15:32:24Z
hyperlocal,209937,64347,4288,0.9783702911081873,four,2016-03-04,2018-12-30,38022,16576,26548,NA,NA,2.3519737983762177e-5,0.008527673517461308,0.998844719271622,time,edges,3,FALSE,2020-03-15T15:32:24Z
hyperlocal,209937,64347,4288,0.9783702911081873,full,2007-04-04,2018-12-30,209937,83801,88450,NA,NA,1.0711700880779547e-5,0.012510769724893173,0.9985457959911702,time,edges,3,FALSE,2020-03-15T15:32:27Z
incel,169294,90261,3540,3.009074833565566,one,2011-08-29,2013-06-29,303,159,317,NA,NA,0.0015872698957792597,0.028566135234738024,0.9891064362315303,time,edges,3,FALSE,2020-03-15T15:32:46Z
incel,169294,90261,3540,3.009074833565566,two,2013-06-30,2015-04-30,1742,1059,1584,NA,NA,4.2233771703133676e-4,0.03845222194598404,0.9934433533982053,time,edges,3,FALSE,2020-03-15T15:32:46Z
incel,169294,90261,3540,3.009074833565566,three,2015-05-01,2017-03-01,4514,3025,3995,NA,NA,1.8958349915361151e-4,0.01133052859208693,0.9958328096725627,time,edges,3,FALSE,2020-03-15T15:32:49Z
incel,169294,90261,3540,3.009074833565566,four,2017-03-02,2018-12-31,162684,143545,145180,NA,NA,6.8104761583844695e-6,0.002989511233528566,0.9994262361098628,time,edges,3,FALSE,2020-03-15T15:32:53Z
incel,169294,90261,3540,3.009074833565566,full,2009-04-22,2018-12-31,169294,147670,148542,NA,NA,6.6926276680598345e-6,0.002948740207174549,0.9994160486043255,time,edges,3,FALSE,2020-03-15T15:32:56Z
Kushnergate,757,655,608,4.758929675849155,one,2017-03-13,2017-07-14,682,432,688,NA,NA,9.139839545039099e-4,0.24398212594471247,0.9746378911864373,time,edges,3,FALSE,2020-03-15T15:32:57Z
Kushnergate,757,655,608,4.758929675849155,two,2017-07-15,2017-11-14,20,12,22,NA,NA,0.025974025974025972,0.07256235827664399,0.9143816528153931,time,edges,3,FALSE,2020-03-15T15:32:57Z
Kushnergate,757,655,608,4.758929675849155,three,2017-11-15,2018-03-17,37,25,35,NA,NA,0.02100840336134454,0.08434256055363322,0.916799801378134,time,edges,3,FALSE,2020-03-15T15:32:57Z
Kushnergate,757,655,608,4.758929675849155,four,2018-03-18,2018-07-18,14,22,29,NA,NA,0.0270935960591133,0.2308673469387755,0.8984571338231874,time,edges,3,FALSE,2020-03-15T15:32:57Z
Kushnergate,757,655,608,4.758929675849155,full,2016-11-17,2018-07-18,757,487,764,NA,NA,8.354319200181153e-4,0.21963553538577285,0.9771664075681846,time,edges,3,FALSE,2020-03-15T15:32:57Z
levidrome,4759,1002,447,1.258783752794989,one,2017-10-09,2018-01-29,1496,834,1121,NA,NA,6.642665987001402e-4,0.1463412786989796,0.9837137969021102,time,edges,3,FALSE,2020-03-15T15:32:58Z
levidrome,4759,1002,447,1.258783752794989,two,2018-01-30,2018-05-21,830,721,525,NA,NA,0.002620865139949109,0.21152249286172134,0.9578718831151434,time,edges,3,FALSE,2020-03-15T15:32:58Z
levidrome,4759,1002,447,1.258783752794989,three,2018-05-22,2018-09-09,1533,1476,552,NA,NA,0.004852836739524974,0.22513759836100672,0.9427524319268472,time,edges,3,FALSE,2020-03-15T15:32:58Z
levidrome,4759,1002,447,1.258783752794989,four,2018-09-10,2018-12-30,900,811,344,NA,NA,0.006873347345582751,0.2372565852663431,0.9344211777584553,time,edges,3,FALSE,2020-03-15T15:32:58Z
levidrome,4759,1002,447,1.258783752794989,full,2017-10-09,2018-12-30,4759,3382,2090,NA,NA,7.746203054963227e-4,0.18504872109279705,0.980101093569204,time,edges,3,FALSE,2020-03-15T15:32:59Z
libtard,481314,166153,4096,1.4020090346841603,one,2008-09-29,2011-04-23,10269,5272,4654,NA,NA,2.434534706019313e-4,0.021145143262651527,0.9890404551588288,time,edges,3,FALSE,2020-03-15T15:33:29Z
libtard,481314,166153,4096,1.4020090346841603,two,2011-04-24,2013-11-14,30409,24778,21767,NA,NA,5.2298477563837034e-5,0.005277356815754556,0.9953741638699115,time,edges,3,FALSE,2020-03-15T15:33:29Z
libtard,481314,166153,4096,1.4020090346841603,three,2013-11-15,2016-06-07,67566,65134,48811,NA,NA,2.7338912622222e-5,0.01113863401107808,0.9978414035218002,time,edges,3,FALSE,2020-03-15T15:33:30Z
libtard,481314,166153,4096,1.4020090346841603,four,2016-06-08,2018-12-30,373051,497362,282669,NA,NA,6.224690637114305e-6,0.027119332921957808,0.9993739755464255,time,edges,3,FALSE,2020-03-15T15:33:42Z
libtard,481314,166153,4096,1.4020090346841603,full,2007-10-13,2018-12-30,481314,590552,330947,NA,NA,5.391909071767792e-6,0.024087735331210777,0.99944018016836,time,edges,3,FALSE,2020-03-15T15:33:53Z
lifehack,1024263,280829,4402,0.9586692877123808,one,2008-02-25,2010-11-11,10651,1956,4274,NA,NA,1.0710295167192855e-4,0.01265036192126978,0.9977225787007449,time,edges,3,FALSE,2020-03-15T15:34:52Z
lifehack,1024263,280829,4402,0.9586692877123808,two,2010-11-12,2013-07-28,125426,21998,38369,NA,NA,1.4942854091598263e-5,0.039563340150209445,0.9985780326546837,time,edges,3,FALSE,2020-03-15T15:34:53Z
lifehack,1024263,280829,4402,0.9586692877123808,three,2013-07-29,2016-04-14,414039,72983,173042,NA,NA,2.437368359470014e-6,0.020056508525345604,0.9995183034287418,time,edges,3,FALSE,2020-03-15T15:34:55Z
lifehack,1024263,280829,4402,0.9586692877123808,four,2016-04-15,2018-12-30,474024,70691,149034,NA,NA,3.1827045398668536e-6,0.006901374684282588,0.9990018492199225,time,edges,3,FALSE,2020-03-15T15:34:58Z
lifehack,1024263,280829,4402,0.9586692877123808,full,2006-12-11,2018-12-30,1024263,166162,342098,NA,NA,1.4198154903062943e-6,0.012315298294467673,0.9995023085387353,time,edges,3,FALSE,2020-03-15T15:35:03Z
lituation,171576,105704,3037,0.7174907875763938,one,2014-01-13,2015-04-11,38287,10781,30751,NA,NA,1.1401308120589904e-5,0.008899457201401282,0.9992107806718864,time,edges,3,FALSE,2020-03-15T15:35:17Z
lituation,171576,105704,3037,0.7174907875763938,two,2015-04-12,2016-07-07,70586,18734,61117,NA,NA,5.015492270384288e-6,0.0019257706478424874,0.9997507868029787,time,edges,3,FALSE,2020-03-15T15:35:18Z
lituation,171576,105704,3037,0.7174907875763938,three,2016-07-08,2017-10-03,33215,10722,33436,NA,NA,9.590917578166112e-6,0.001126976360503336,0.9995979755961725,time,edges,3,FALSE,2020-03-15T15:35:18Z
lituation,171576,105704,3037,0.7174907875763938,four,2017-10-04,2018-12-30,29465,14764,31634,NA,NA,1.4753992042609673e-5,0.004095007803498563,0.9992014162785332,time,edges,3,FALSE,2020-03-15T15:35:19Z
lituation,171576,105704,3037,0.7174907875763938,full,2010-09-06,2018-12-30,171576,54626,138982,NA,NA,2.8280391096709104e-6,0.0029148579383762117,0.9997925378332092,time,edges,3,FALSE,2020-03-15T15:35:20Z
man bun,549692,427250,3592,1.6566509225814856,one,2009-07-20,2011-11-29,1804,558,1746,NA,NA,1.8314477298909991e-4,0.002970418962077487,0.9993290788494116,time,edges,3,FALSE,2020-03-15T15:35:42Z
man bun,549692,427250,3592,1.6566509225814856,two,2011-11-30,2014-04-10,6756,2401,7133,NA,NA,4.7196370475271575e-5,0.0019861723751678547,0.9991962342230195,time,edges,3,FALSE,2020-03-15T15:35:42Z
man bun,549692,427250,3592,1.6566509225814856,three,2014-04-11,2016-08-20,355527,139963,348638,NA,NA,1.1515029245498058e-6,0.0027524367634638963,0.9998346000719158,time,edges,3,FALSE,2020-03-15T15:35:48Z
man bun,549692,427250,3592,1.6566509225814856,four,2016-08-21,2018-12-30,185595,101175,207563,NA,NA,2.3484181444379707e-6,0.0015875456257459526,0.9997858408836312,time,edges,3,FALSE,2020-03-15T15:35:51Z
man bun,549692,427250,3592,1.6566509225814856,full,2009-02-28,2018-12-30,549692,243431,542704,NA,NA,8.265148068357586e-7,0.0018943203598499642,0.9998979229613028,time,edges,3,FALSE,2020-03-15T15:35:59Z
mankles,2383,1891,4083,1.8977455805491863,one,2009-05-11,2011-10-08,409,223,505,NA,NA,8.761590444758762e-4,0.00608032564877803,0.9971969230154264,time,edges,3,FALSE,2020-03-15T15:36:01Z
mankles,2383,1891,4083,1.8977455805491863,two,2011-10-09,2014-03-06,607,322,783,NA,NA,5.258808504244609e-4,0.007155892491545712,0.9948384295524941,time,edges,3,FALSE,2020-03-15T15:36:01Z
mankles,2383,1891,4083,1.8977455805491863,three,2014-03-07,2016-08-01,1052,578,1127,NA,NA,4.5547603549876204e-4,0.026655209184494384,0.9925014381025865,time,edges,3,FALSE,2020-03-15T15:36:01Z
mankles,2383,1891,4083,1.8977455805491863,four,2016-08-02,2018-12-29,309,204,416,NA,NA,0.0011816496756255792,0.020554507185367978,0.9921675345721755,time,edges,3,FALSE,2020-03-15T15:36:01Z
mankles,2383,1891,4083,1.8977455805491863,full,2007-10-25,2018-12-29,2383,1324,2743,NA,NA,1.7603325805385395e-4,0.010951226856617834,0.9969172600574112,time,edges,3,FALSE,2020-03-15T15:36:01Z
microapartment,1298,834,3506,1.3132602237204671,one,2012-12-17,2014-06-20,237,138,270,NA,NA,0.001900041305245766,0.05033097939497796,0.9835624756652277,time,edges,3,FALSE,2020-03-15T15:36:03Z
microapartment,1298,834,3506,1.3132602237204671,two,2014-06-21,2015-12-23,251,81,243,NA,NA,0.001377410468319559,0.008990164606242744,0.9872816987270774,time,edges,3,FALSE,2020-03-15T15:36:03Z
microapartment,1298,834,3506,1.3132602237204671,three,2015-12-24,2017-06-26,430,57,271,NA,NA,7.790077900779009e-4,0.006652949245541838,0.9889926087576477,time,edges,3,FALSE,2020-03-15T15:36:03Z
microapartment,1298,834,3506,1.3132602237204671,four,2017-06-27,2018-12-28,355,88,297,NA,NA,0.001001001001001001,0.021029264061358657,0.9844018554257741,time,edges,3,FALSE,2020-03-15T15:36:03Z
microapartment,1298,834,3506,1.3132602237204671,full,2009-05-23,2018-12-28,1298,374,1054,NA,NA,3.3697883160248754e-4,0.013445958681792807,0.995558292791694,time,edges,3,FALSE,2020-03-15T15:36:03Z
microflat,426,369,3556,2.35018405593435,one,2014-11-17,2015-11-27,163,107,176,NA,NA,0.003474025974025974,0.24649795918367348,0.9515767172799069,time,edges,3,FALSE,2020-03-15T15:36:04Z
microflat,426,369,3556,2.35018405593435,two,2015-11-28,2016-12-06,47,9,41,NA,NA,0.00548780487804878,0.045625,0.9564786662082388,time,edges,3,FALSE,2020-03-15T15:36:04Z
microflat,426,369,3556,2.35018405593435,three,2016-12-07,2017-12-15,76,69,94,NA,NA,0.007892930679478381,0.11700774656029599,0.9357381238126404,time,edges,3,FALSE,2020-03-15T15:36:04Z
microflat,426,369,3556,2.35018405593435,four,2017-12-16,2018-12-25,96,51,99,NA,NA,0.005256648113790971,0.07715535193669304,0.9690721649484536,time,edges,3,FALSE,2020-03-15T15:36:04Z
microflat,426,369,3556,2.35018405593435,full,2009-03-31,2018-12-25,426,248,445,NA,NA,0.0012551877720417045,0.09693561805048291,0.9809804713469611,time,edges,3,FALSE,2020-03-15T15:36:04Z
monthiversary,23607,17179,4119,0.8283525169198007,one,2008-09-15,2011-04-13,2610,1358,2831,NA,NA,1.6950146847185315e-4,0.006900073668044301,0.9979222823310294,time,edges,3,FALSE,2020-03-15T15:36:06Z
monthiversary,23607,17179,4119,0.8283525169198007,two,2011-04-14,2013-11-07,9548,4380,10181,NA,NA,4.226062299877136e-5,0.0014313573747206472,0.9992244006361795,time,edges,3,FALSE,2020-03-15T15:36:07Z
monthiversary,23607,17179,4119,0.8283525169198007,three,2013-11-08,2016-06-03,7774,2389,7655,NA,NA,4.0773922849047564e-5,0.004989927576461691,0.9988536659187048,time,edges,3,FALSE,2020-03-15T15:36:07Z
monthiversary,23607,17179,4119,0.8283525169198007,four,2016-06-04,2018-12-30,3636,1336,4158,NA,NA,7.72933176108543e-5,0.005095931292858272,0.9986461410223726,time,edges,3,FALSE,2020-03-15T15:36:07Z
monthiversary,23607,17179,4119,0.8283525169198007,full,2007-09-20,2018-12-30,23607,9336,24011,NA,NA,1.6194160350391952e-5,0.0015873704920603504,0.9996711722302333,time,edges,3,FALSE,2020-03-15T15:36:07Z
monthversary,46338,29939,4237,1.0033329909669912,one,2009-10-05,2012-01-26,7330,7983,8182,NA,NA,1.1926149838156634e-4,0.002998083290380947,0.9987309321589333,time,edges,3,FALSE,2020-03-15T15:36:11Z
monthversary,46338,29939,4237,1.0033329909669912,two,2012-01-27,2014-05-18,25845,22018,28147,NA,NA,2.779259321508654e-5,0.004040424570183724,0.9993440725515983,time,edges,3,FALSE,2020-03-15T15:36:11Z
monthversary,46338,29939,4237,1.0033329909669912,three,2014-05-19,2016-09-08,9388,3482,9138,NA,NA,4.1703642419124574e-5,0.003187275992822116,0.9992553139979374,time,edges,3,FALSE,2020-03-15T15:36:11Z
monthversary,46338,29939,4237,1.0033329909669912,four,2016-09-09,2018-12-30,3719,1230,3564,NA,NA,9.686158998536209e-5,0.0029912637045431145,0.9985243192641795,time,edges,3,FALSE,2020-03-15T15:36:11Z
monthversary,46338,29939,4237,1.0033329909669912,full,2007-05-25,2018-12-30,46338,34237,46852,NA,NA,1.5597274059533483e-5,0.0024283725093106954,0.9996045767953273,time,edges,3,FALSE,2020-03-15T15:36:12Z
neckbuds,3112,1271,2871,2.9861480527618944,one,2015-08-24,2016-06-20,383,21,306,NA,NA,2.2500803600128579e-4,0.019510884170921797,0.9918944025817836,time,edges,3,FALSE,2020-03-15T15:36:13Z
neckbuds,3112,1271,2871,2.9861480527618944,two,2016-06-21,2017-04-17,1282,82,709,NA,NA,1.6335572502051908e-4,0.026003263749241917,0.9925356937913833,time,edges,3,FALSE,2020-03-15T15:36:13Z
neckbuds,3112,1271,2871,2.9861480527618944,three,2017-04-18,2018-02-12,986,61,462,NA,NA,2.864091801185077e-4,0.011669435020539147,0.9944729590056824,time,edges,3,FALSE,2020-03-15T15:36:13Z
neckbuds,3112,1271,2871,2.9861480527618944,four,2018-02-13,2018-12-10,452,44,274,NA,NA,5.88219566321756e-4,0.021468153336285205,0.9891896589137034,time,edges,3,FALSE,2020-03-15T15:36:13Z
neckbuds,3112,1271,2871,2.9861480527618944,full,2011-01-30,2018-12-10,3112,200,1349,NA,NA,1.099836564286547e-4,0.023646417596351117,0.9945558342610448,time,edges,3,FALSE,2020-03-15T15:36:13Z
newsjacking,20930,11868,3721,1.5559065056114216,one,2010-11-29,2012-12-06,2071,1415,1838,NA,NA,4.1908467168936435e-4,0.11014710323007175,0.9895322954433339,time,edges,3,FALSE,2020-03-15T15:36:16Z
newsjacking,20930,11868,3721,1.5559065056114216,two,2012-12-07,2014-12-14,7995,4501,6761,NA,NA,9.848075763450139e-5,0.03067528710479325,0.9965467946496017,time,edges,3,FALSE,2020-03-15T15:36:16Z
newsjacking,20930,11868,3721,1.5559065056114216,three,2014-12-15,2016-12-22,6189,2451,4650,NA,NA,1.13378527466885e-4,0.032373686803727035,0.9964551332290901,time,edges,3,FALSE,2020-03-15T15:36:17Z
newsjacking,20930,11868,3721,1.5559065056114216,four,2016-12-23,2018-12-30,4665,1793,3444,NA,NA,1.5120986444916936e-4,0.043428056893355285,0.9951876244375535,time,edges,3,FALSE,2020-03-15T15:36:17Z
newsjacking,20930,11868,3721,1.5559065056114216,full,2008-10-22,2018-12-30,20930,9987,15126,NA,NA,4.3653148265315156e-5,0.04346335250324431,0.9976535525857424,time,edges,3,FALSE,2020-03-15T15:36:17Z
ovary-acting,8168,7558,3502,1.7443276950837467,one,2010-04-26,2012-06-26,956,399,1081,NA,NA,3.417617432418543e-4,0.02143732853223594,0.9929717511837789,time,edges,3,FALSE,2020-03-15T15:36:19Z
ovary-acting,8168,7558,3502,1.7443276950837467,two,2012-06-27,2014-08-27,2827,963,3303,NA,NA,8.829592171865123e-5,0.010817462463327293,0.9976509968465643,time,edges,3,FALSE,2020-03-15T15:36:20Z
ovary-acting,8168,7558,3502,1.7443276950837467,three,2014-08-28,2016-10-28,2738,380,2882,NA,NA,4.576635888388858e-5,0.001516717567285743,0.998962632194901,time,edges,3,FALSE,2020-03-15T15:36:20Z
ovary-acting,8168,7558,3502,1.7443276950837467,four,2016-10-29,2018-12-29,1633,475,1893,NA,NA,1.3262392099969958e-4,0.017053974898202737,0.9961008838202129,time,edges,3,FALSE,2020-03-15T15:36:20Z
ovary-acting,8168,7558,3502,1.7443276950837467,full,2009-05-28,2018-12-29,8168,2222,9039,NA,NA,2.7198899431175778e-5,0.003956420926107716,0.9991419653192991,time,edges,3,FALSE,2020-03-15T15:36:20Z
overparenting,6415,5069,3912,2.0919508000307063,one,2009-05-25,2011-10-18,647,246,684,NA,NA,5.265726541830418e-4,0.020000471608119377,0.9908136809177772,time,edges,3,FALSE,2020-03-15T15:36:21Z
overparenting,6415,5069,3912,2.0919508000307063,two,2011-10-19,2014-03-13,1436,618,1350,NA,NA,3.393460176262252e-4,0.034155932434370574,0.992375514775731,time,edges,3,FALSE,2020-03-15T15:36:21Z
overparenting,6415,5069,3912,2.0919508000307063,three,2014-03-14,2016-08-06,2631,681,2342,NA,NA,1.242106422802812e-4,0.013978297828158811,0.9950026063061322,time,edges,3,FALSE,2020-03-15T15:36:21Z
overparenting,6415,5069,3912,2.0919508000307063,four,2016-08-07,2018-12-30,1679,680,1650,NA,NA,2.4992189940643546e-4,0.05709213846273225,0.9922497899523658,time,edges,3,FALSE,2020-03-15T15:36:21Z
overparenting,6415,5069,3912,2.0919508000307063,full,2008-04-14,2018-12-30,6415,2218,5836,NA,NA,6.513364731392714e-5,0.016475821450940568,0.9977737344189785,time,edges,3,FALSE,2020-03-15T15:36:21Z
overtourism,11764,5123,2896,1.1528674007286064,one,2016-08-15,2017-03-20,284,131,223,NA,NA,0.002646143901749283,0.15570976381787194,0.9652251747497134,time,edges,3,FALSE,2020-03-15T15:36:23Z
overtourism,11764,5123,2896,1.1528674007286064,two,2017-03-21,2017-10-23,1659,671,994,NA,NA,6.798089645628049e-4,0.10415810978967577,0.9854623442708184,time,edges,3,FALSE,2020-03-15T15:36:23Z
overtourism,11764,5123,2896,1.1528674007286064,three,2017-10-24,2018-05-27,3816,1529,2282,NA,NA,2.937423466574657e-4,0.029311386343276454,0.9918769628413648,time,edges,3,FALSE,2020-03-15T15:36:23Z
overtourism,11764,5123,2896,1.1528674007286064,four,2018-05-28,2018-12-30,5978,2558,4175,NA,NA,1.467883590748546e-4,0.016268224656755523,0.9939727153457459,time,edges,3,FALSE,2020-03-15T15:36:24Z
overtourism,11764,5123,2896,1.1528674007286064,full,2011-01-25,2018-12-30,11764,4646,6504,NA,NA,1.0984616996715869e-4,0.035110068434093596,0.9957380096034527,time,edges,3,FALSE,2020-03-15T15:36:24Z
Pizzagate,257012,90137,3923,2.4422662305513545,one,2010-12-06,2012-12-11,568,209,659,NA,NA,4.8198661507026854e-4,0.004083480381740745,0.998250088136942,time,edges,3,FALSE,2020-03-15T15:36:50Z
Pizzagate,257012,90137,3923,2.4422662305513545,two,2012-12-12,2014-12-18,2082,577,1998,NA,NA,1.4461131136143655e-4,0.0071198435108847545,0.9977628974131126,time,edges,3,FALSE,2020-03-15T15:36:50Z
Pizzagate,257012,90137,3923,2.4422662305513545,three,2014-12-19,2016-12-24,66113,25572,34858,NA,NA,2.104612879348879e-5,0.0422241907814243,0.9983818956906548,time,edges,3,FALSE,2020-03-15T15:36:50Z
Pizzagate,257012,90137,3923,2.4422662305513545,four,2016-12-25,2018-12-30,188170,175222,118950,NA,NA,1.2384069808322026e-5,0.02253108019547158,0.9985878627764188,time,edges,3,FALSE,2020-03-15T15:36:53Z
Pizzagate,257012,90137,3923,2.4422662305513545,full,2008-04-03,2018-12-30,257012,199471,142980,NA,NA,9.757357488819346e-6,0.025501160336592003,0.9989607618585548,time,edges,3,FALSE,2020-03-15T15:36:57Z
poppygate,3807,3162,3350,4.753575036286806,one,2009-11-02,2012-02-15,497,184,540,NA,NA,6.321720607434893e-4,0.007730938555216318,0.9946244671820677,time,edges,3,FALSE,2020-03-15T15:38:24Z
poppygate,3807,3162,3350,4.753575036286806,two,2012-02-16,2014-05-30,294,168,351,NA,NA,0.0013675213675213675,0.010089795918367346,0.9949692592257958,time,edges,3,FALSE,2020-03-15T15:38:24Z
poppygate,3807,3162,3350,4.753575036286806,three,2014-05-31,2016-09-10,724,345,788,NA,NA,5.563116377169616e-4,0.014710132408951691,0.9907941925737332,time,edges,3,FALSE,2020-03-15T15:38:24Z
poppygate,3807,3162,3350,4.753575036286806,four,2016-09-11,2018-12-24,2289,1311,2473,NA,NA,2.1445200397300553e-4,0.05664502296268367,0.9927029976905782,time,edges,3,FALSE,2020-03-15T15:38:24Z
poppygate,3807,3162,3350,4.753575036286806,full,2009-10-22,2018-12-24,3807,2008,4057,NA,NA,1.2202835433339215e-4,0.034649826005936614,0.9955428709449927,time,edges,3,FALSE,2020-03-15T15:38:24Z
rapefugee,5769,3288,1132,1.3691961237265051,one,2016-01-04,2016-10-03,2840,1772,2929,NA,NA,2.0662043592714274e-4,0.006113772899310221,0.9952257706012941,time,edges,3,FALSE,2020-03-15T15:38:25Z
rapefugee,5769,3288,1132,1.3691961237265051,two,2016-10-04,2017-07-03,1889,1887,2524,NA,NA,2.96322957161782e-4,0.016357006621130783,0.99580406667894,time,edges,3,FALSE,2020-03-15T15:38:25Z
rapefugee,5769,3288,1132,1.3691961237265051,three,2017-07-04,2018-04-02,685,838,1149,NA,NA,6.353047491683421e-4,0.020288275929050976,0.9907587075724544,time,edges,3,FALSE,2020-03-15T15:38:26Z
rapefugee,5769,3288,1132,1.3691961237265051,four,2018-04-03,2018-12-31,353,497,749,NA,NA,8.871008046379129e-4,0.03257885555777975,0.9918727338529245,time,edges,3,FALSE,2020-03-15T15:38:26Z
rapefugee,5769,3288,1132,1.3691961237265051,full,2015-11-25,2018-12-31,5769,4953,6557,NA,NA,1.1521902594817141e-4,0.00896180361542794,0.9980062492132266,time,edges,3,FALSE,2020-03-15T15:38:26Z
rapeugee,1426,459,1166,0.7582299059887366,one,2016-01-04,2016-10-03,651,258,456,NA,NA,0.0012434933487565066,0.008665620094191523,0.9944531930661131,time,edges,3,FALSE,2020-03-15T15:38:27Z
rapeugee,1426,459,1166,0.7582299059887366,two,2016-10-04,2017-07-03,464,256,380,NA,NA,0.0017775308984863214,0.01673616864265774,0.9891101673176746,time,edges,3,FALSE,2020-03-15T15:38:27Z
rapeugee,1426,459,1166,0.7582299059887366,three,2017-07-04,2018-04-02,166,143,198,NA,NA,0.0036661026508742244,0.11621015743770775,0.9701242112224435,time,edges,3,FALSE,2020-03-15T15:38:27Z
rapeugee,1426,459,1166,0.7582299059887366,four,2018-04-03,2018-12-31,134,96,137,NA,NA,0.005152425933877201,0.035548226643598614,0.9828398163677378,time,edges,3,FALSE,2020-03-15T15:38:27Z
rapeugee,1426,459,1166,0.7582299059887366,full,2015-10-22,2018-12-31,1426,754,1075,NA,NA,6.530682950067126e-4,0.021247516203197987,0.9945427263742768,time,edges,3,FALSE,2020-03-15T15:38:27Z
rapugee,182,113,1114,0.7899207629998204,one,2015-11-16,2016-08-21,65,45,96,NA,NA,0.004934210526315789,0.026925207756232687,0.9845798963533704,time,edges,3,FALSE,2020-03-15T15:38:28Z
rapugee,182,113,1114,0.7899207629998204,two,2016-08-22,2017-05-27,52,39,80,NA,NA,0.006170886075949367,0.019387918602788014,0.9871794871794872,time,edges,3,FALSE,2020-03-15T15:38:28Z
rapugee,182,113,1114,0.7899207629998204,three,2017-05-28,2018-03-03,21,23,36,NA,NA,0.01825396825396825,0.04,0.920408483516109,time,edges,3,FALSE,2020-03-15T15:38:28Z
rapugee,182,113,1114,0.7899207629998204,four,2018-03-04,2018-12-07,44,127,134,NA,NA,0.0071260240152620355,0.2579569223811408,0.94070615594202,time,edges,3,FALSE,2020-03-15T15:38:28Z
rapugee,182,113,1114,0.7899207629998204,full,2015-11-19,2018-12-07,182,233,331,NA,NA,0.0021331136134761512,0.10424242424242425,0.9756340937721957,time,edges,3,FALSE,2020-03-15T15:38:28Z
refollow,664594,220028,4168,1.8089179822331163,one,2008-01-07,2010-10-06,83164,48077,56147,NA,NA,1.5250777401851348e-5,0.02309455391291607,0.9989911737304792,time,edges,3,FALSE,2020-03-15T15:38:55Z
refollow,664594,220028,4168,1.8089179822331163,two,2010-10-07,2013-07-05,322474,139450,223138,NA,NA,2.8007438603611558e-6,0.00455495774055651,0.999781594455609,time,edges,3,FALSE,2020-03-15T15:38:59Z
refollow,664594,220028,4168,1.8089179822331163,three,2013-07-06,2016-04-02,159781,31766,37130,NA,NA,2.3042220585892018e-5,0.006966291348961632,0.9991561072294213,time,edges,3,FALSE,2020-03-15T15:39:01Z
refollow,664594,220028,4168,1.8089179822331163,four,2016-04-03,2018-12-31,99159,65933,76366,NA,NA,1.130598585237799e-5,0.02441774419976215,0.9991448842141372,time,edges,3,FALSE,2020-03-15T15:39:02Z
refollow,664594,220028,4168,1.8089179822331163,full,2007-08-03,2018-12-31,664594,284348,379402,NA,NA,1.975386542488268e-6,0.0063224842813751425,0.9998034074189818,time,edges,3,FALSE,2020-03-15T15:39:09Z
refugee crisis,563382,246769,4255,3.3778688560463284,one,2009-05-11,2011-10-08,5058,1349,3743,NA,NA,9.631376038764254e-5,0.02757005788368473,0.9962598885653112,time,edges,3,FALSE,2020-03-15T15:39:50Z
refugee crisis,563382,246769,4255,3.3778688560463284,two,2011-10-09,2014-03-06,24105,8171,15347,NA,NA,3.4694171704398255e-5,0.021861686661227227,0.9980334157555077,time,edges,3,FALSE,2020-03-15T15:39:50Z
refugee crisis,563382,246769,4255,3.3778688560463284,three,2014-03-07,2016-08-03,362645,101853,180197,NA,NA,3.136758782937188e-6,0.003348787527932328,0.9997253241595637,time,edges,3,FALSE,2020-03-15T15:39:53Z
refugee crisis,563382,246769,4255,3.3778688560463284,four,2016-08-04,2018-12-31,171439,109464,139677,NA,NA,5.610797902694077e-6,0.020667380032533936,0.999462542308314,time,edges,3,FALSE,2020-03-15T15:39:55Z
refugee crisis,563382,246769,4255,3.3778688560463284,full,2007-05-08,2018-12-31,563382,219028,302935,NA,NA,2.3867238069146026e-6,0.009539327112525827,0.999751762288217,time,edges,3,FALSE,2020-03-15T15:40:01Z
remoaners,128734,30946,3040,0.7605028536041271,one,2016-06-20,2017-02-06,19383,15236,12162,NA,NA,1.0301410091035769e-4,0.01157460892821763,0.9887146990022164,time,edges,3,FALSE,2020-03-15T15:40:12Z
remoaners,128734,30946,3040,0.7605028536041271,two,2017-02-07,2017-09-25,24428,28887,18134,NA,NA,8.784947460406321e-5,0.017946559920987256,0.99361343601182,time,edges,3,FALSE,2020-03-15T15:40:13Z
remoaners,128734,30946,3040,0.7605028536041271,three,2017-09-26,2018-05-13,37539,50063,22559,NA,NA,9.837764779038238e-5,0.018764941977626827,0.9923132483743783,time,edges,3,FALSE,2020-03-15T15:40:14Z
remoaners,128734,30946,3040,0.7605028536041271,four,2018-05-14,2018-12-30,47381,72460,31230,NA,NA,7.429648503493354e-5,0.018306641298919443,0.9958084994888745,time,edges,3,FALSE,2020-03-15T15:40:15Z
remoaners,128734,30946,3040,0.7605028536041271,full,2010-09-03,2018-12-30,128734,159949,59558,NA,NA,4.5092946102398005e-5,0.016762616682240734,0.9946715835109143,time,edges,3,FALSE,2020-03-15T15:40:18Z
robo-signing,12742,6627,3020,2.6483929328827918,one,2010-09-27,2012-10-20,8186,851,4411,NA,NA,4.374756779459309e-5,0.007781145716033957,0.9980422251429627,time,edges,3,FALSE,2020-03-15T15:40:19Z
robo-signing,12742,6627,3020,2.6483929328827918,two,2012-10-21,2014-11-13,2527,320,1718,NA,NA,1.0848171032264495e-4,0.0033879574191959605,0.9950309538630806,time,edges,3,FALSE,2020-03-15T15:40:19Z
robo-signing,12742,6627,3020,2.6483929328827918,three,2014-11-14,2016-12-06,866,196,753,NA,NA,3.4613319770563137e-4,0.008308517711634223,0.989992553086752,time,edges,3,FALSE,2020-03-15T15:40:19Z
robo-signing,12742,6627,3020,2.6483929328827918,four,2016-12-07,2018-12-30,1159,827,1321,NA,NA,4.742733925171472e-4,0.05638659320477502,0.9909431324138689,time,edges,3,FALSE,2020-03-15T15:40:19Z
robo-signing,12742,6627,3020,2.6483929328827918,full,2010-09-23,2018-12-30,12742,2178,7484,NA,NA,3.8890932041721074e-05,0.011589010639805788,0.9981952752908407,time,edges,3,FALSE,2020-03-15T15:40:20Z
shareable,252029,142833,4375,0.8948094927296595,one,2007-09-17,2010-07-14,4255,2390,4909,NA,NA,9.91974058259674e-5,0.01956656514089068,0.9973110271765078,time,edges,3,FALSE,2020-03-15T15:40:34Z
shareable,252029,142833,4375,0.8948094927296595,two,2010-07-15,2013-05-10,42518,21437,40948,NA,NA,1.2785250009006392e-5,0.011661126412423737,0.9990772164539846,time,edges,3,FALSE,2020-03-15T15:40:35Z
shareable,252029,142833,4375,0.8948094927296595,three,2013-05-11,2016-03-05,91064,46177,78358,NA,NA,7.520809215240545e-6,0.03372952539080437,0.9990951326102419,time,edges,3,FALSE,2020-03-15T15:40:36Z
shareable,252029,142833,4375,0.8948094927296595,four,2016-03-06,2018-12-31,114178,50126,92093,NA,NA,5.910368025413355e-6,0.018779855818526033,0.999382667318874,time,edges,3,FALSE,2020-03-15T15:40:37Z
shareable,252029,142833,4375,0.8948094927296595,full,2007-01-08,2018-12-31,252029,119064,200839,NA,NA,2.9517972957861748e-6,0.02164146629767898,0.9995475222745522,time,edges,3,FALSE,2020-03-15T15:40:40Z
sharenting,6566,3942,3080,2.3302365391138893,one,2012-05-14,2014-01-09,513,279,572,NA,NA,8.542245845223078e-4,0.07458264451403351,0.9848052751446688,time,edges,3,FALSE,2020-03-15T15:40:41Z
sharenting,6566,3942,3080,2.3302365391138893,two,2014-01-10,2015-09-06,1434,406,1241,NA,NA,2.6383509656624466e-4,0.007403420915712799,0.997289024258643,time,edges,3,FALSE,2020-03-15T15:40:41Z
sharenting,6566,3942,3080,2.3302365391138893,three,2015-09-07,2017-05-03,1565,465,1405,NA,NA,2.3572710405450617e-4,0.015088402285695733,0.995212704408917,time,edges,3,FALSE,2020-03-15T15:40:41Z
sharenting,6566,3942,3080,2.3302365391138893,four,2017-05-04,2018-12-29,3048,950,1863,NA,NA,2.7386155750544987e-4,0.013965643354973285,0.994125159186932,time,edges,3,FALSE,2020-03-15T15:40:41Z
sharenting,6566,3942,3080,2.3302365391138893,full,2010-07-24,2018-12-29,6566,2080,4816,NA,NA,8.969754677209579e-5,0.010088929002371225,0.9964952948214529,time,edges,3,FALSE,2020-03-15T15:40:41Z
sleep divorce,687,566,3911,1.9907391716236165,one,2013-04-01,2014-09-07,226,121,211,NA,NA,0.002730760550665764,0.06424036281179138,0.9570413110850569,time,edges,3,FALSE,2020-03-15T15:40:43Z
sleep divorce,687,566,3911,1.9907391716236165,two,2014-09-08,2016-02-14,71,18,76,NA,NA,0.003157894736842105,0.037333333333333336,0.9672525946165305,time,edges,3,FALSE,2020-03-15T15:40:44Z
sleep divorce,687,566,3911,1.9907391716236165,three,2016-02-15,2017-07-23,63,15,68,NA,NA,0.003292361720807726,0.019380708398306974,0.9889083210974412,time,edges,3,FALSE,2020-03-15T15:40:44Z
sleep divorce,687,566,3911,1.9907391716236165,four,2017-07-24,2018-12-29,269,96,258,NA,NA,0.0014478327753144511,0.012218201638177717,0.9786733028974312,time,edges,3,FALSE,2020-03-15T15:40:44Z
sleep divorce,687,566,3911,1.9907391716236165,full,2008-04-14,2018-12-29,687,270,675,NA,NA,5.934718100890209e-4,0.020207979290123183,0.9866591887322093,time,edges,3,FALSE,2020-03-15T15:40:44Z
slut shaming,261922,177425,3790,1.0102679533756707,one,2009-10-12,2012-02-01,1898,885,2092,NA,NA,2.023147551237069e-4,0.003146870020476726,0.9981017804981391,time,edges,3,FALSE,2020-03-15T15:40:59Z
slut shaming,261922,177425,3790,1.0102679533756707,two,2012-02-02,2014-05-22,46932,17503,44241,NA,NA,8.94277778956319e-6,0.003946842637070852,0.9994097614327467,time,edges,3,FALSE,2020-03-15T15:41:00Z
slut shaming,261922,177425,3790,1.0102679533756707,three,2014-05-23,2016-09-09,122380,39317,109733,NA,NA,3.2652002803161443e-6,0.0011495539367395214,0.9998164242986629,time,edges,3,FALSE,2020-03-15T15:41:01Z
slut shaming,261922,177425,3790,1.0102679533756707,four,2016-09-10,2018-12-30,90678,52285,102541,NA,NA,4.972631202791068e-6,0.0025696574607847354,0.9996890162741142,time,edges,3,FALSE,2020-03-15T15:41:03Z
slut shaming,261922,177425,3790,1.0102679533756707,full,2008-08-14,2018-12-30,261922,109820,240106,NA,NA,1.904922110113902e-6,0.0012079874499038752,0.9998643141655379,time,edges,3,FALSE,2020-03-15T15:41:10Z
smartwatch,1106906,260363,3921,1.5050430120721643,one,2009-10-19,2012-02-06,3854,688,3106,NA,NA,7.133873143559865e-5,0.0073384313389914455,0.9966977008244567,time,edges,3,FALSE,2020-03-15T15:42:21Z
smartwatch,1106906,260363,3921,1.5050430120721643,two,2012-02-07,2014-05-26,310764,52544,112726,NA,NA,4.135031197100306e-6,0.011342162081789946,0.9990048672914819,time,edges,3,FALSE,2020-03-15T15:42:23Z
smartwatch,1106906,260363,3921,1.5050430120721643,three,2014-05-27,2016-09-11,509245,61168,132896,NA,NA,3.463408589979867e-6,0.008984903233011468,0.9995926109176738,time,edges,3,FALSE,2020-03-15T15:42:26Z
smartwatch,1106906,260363,3921,1.5050430120721643,four,2016-09-12,2018-12-30,283037,36989,81284,NA,NA,5.598449936162717e-6,0.013386050306699595,0.9994364970634922,time,edges,3,FALSE,2020-03-15T15:42:27Z
smartwatch,1106906,260363,3921,1.5050430120721643,full,2008-04-05,2018-12-30,1106906,148268,286267,NA,NA,1.8092824600408017e-6,0.008897287701661795,0.9995752880599703,time,edges,3,FALSE,2020-03-15T15:42:33Z
social justice warrior,78738,57952,3474,0.9454979163179981,one,2010-03-01,2012-05-15,74,38,97,NA,NA,0.004080756013745705,0.016927083333333332,0.9789473684210527,time,edges,3,FALSE,2020-03-15T15:42:38Z
social justice warrior,78738,57952,3474,0.9454979163179981,two,2012-05-16,2014-07-31,2860,1094,3238,NA,NA,1.0437530995364553e-4,0.0014407097270525031,0.9973873415454962,time,edges,3,FALSE,2020-03-15T15:42:39Z
social justice warrior,78738,57952,3474,0.9454979163179981,three,2014-08-01,2016-10-15,25923,12901,29212,NA,NA,1.5118742091782233e-5,0.0028948430785915515,0.9995841195024187,time,edges,3,FALSE,2020-03-15T15:42:39Z
social justice warrior,78738,57952,3474,0.9454979163179981,four,2016-10-16,2018-12-30,49877,48293,68041,NA,NA,1.0431558362626069e-5,0.0038035573231985473,0.9995339917891753,time,edges,3,FALSE,2020-03-15T15:42:40Z
social justice warrior,78738,57952,3474,0.9454979163179981,full,2009-06-26,2018-12-30,78738,62268,96631,NA,NA,6.668627565314374e-6,0.0029168842737498876,0.9996591427368425,time,edges,3,FALSE,2020-03-15T15:42:42Z
solopreneur,282026,29122,4174,1.2046615616150789,one,2008-03-24,2010-12-02,2501,1031,1780,NA,NA,3.2558374544466975e-4,0.01261011216677236,0.9965510114022001,time,edges,3,FALSE,2020-03-15T15:42:54Z
solopreneur,282026,29122,4174,1.2046615616150789,two,2010-12-03,2013-08-11,13013,2891,5480,NA,NA,9.628668452738591e-5,0.008483469095910214,0.9952285573878972,time,edges,3,FALSE,2020-03-15T15:42:54Z
solopreneur,282026,29122,4174,1.2046615616150789,three,2013-08-12,2016-04-21,98624,8827,13112,NA,NA,5.134620715625242e-5,0.020391060131413383,0.9980530451294968,time,edges,3,FALSE,2020-03-15T15:42:54Z
solopreneur,282026,29122,4174,1.2046615616150789,four,2016-04-22,2018-12-30,167885,20486,24585,NA,NA,3.389490402378143e-5,0.05233969513690564,0.9977429994538797,time,edges,3,FALSE,2020-03-15T15:42:55Z
solopreneur,282026,29122,4174,1.2046615616150789,full,2007-07-27,2018-12-30,282026,32662,40555,NA,NA,1.985933363174016e-5,0.031753375183116606,0.9985075123907013,time,edges,3,FALSE,2020-03-15T15:42:55Z
superager,1625,1427,2630,3.7327492825098036,one,2012-08-13,2014-03-18,64,17,74,NA,NA,0.003146982599037394,0.010696190654907112,0.9828323892013917,time,edges,3,FALSE,2020-03-15T15:42:57Z
superager,1625,1427,2630,3.7327492825098036,two,2014-03-19,2015-10-22,113,26,124,NA,NA,0.0017046944662995017,0.035164254081565205,0.9836065573770492,time,edges,3,FALSE,2020-03-15T15:42:57Z
superager,1625,1427,2630,3.7327492825098036,three,2015-10-23,2017-05-27,1110,466,1089,NA,NA,3.93304704802031e-4,0.14726030290333045,0.9843913440158242,time,edges,3,FALSE,2020-03-15T15:42:57Z
superager,1625,1427,2630,3.7327492825098036,four,2017-05-28,2018-12-30,336,127,368,NA,NA,9.403506693519725e-4,0.030477618810741784,0.9892687573755822,time,edges,3,FALSE,2020-03-15T15:42:57Z
superager,1625,1427,2630,3.7327492825098036,full,2011-10-18,2018-12-30,1625,634,1623,NA,NA,2.408351585903318e-4,0.10093109388327269,0.9894060721703227,time,edges,3,FALSE,2020-03-15T15:42:57Z
techlash,4169,3204,2321,2.2053313745598433,one,2012-08-20,2014-03-24,92,46,68,NA,NA,0.01009657594381036,0.08064156827801292,0.9447583490702225,time,edges,3,FALSE,2020-03-15T15:42:58Z
techlash,4169,3204,2321,2.2053313745598433,two,2014-03-25,2015-10-26,99,73,92,NA,NA,0.00871954132823698,0.06339814032121724,0.9351127843933924,time,edges,3,FALSE,2020-03-15T15:42:58Z
techlash,4169,3204,2321,2.2053313745598433,three,2015-10-27,2017-05-28,15,16,24,NA,NA,0.02898550724637681,0.10586011342155009,0.9341141026007644,time,edges,3,FALSE,2020-03-15T15:42:59Z
techlash,4169,3204,2321,2.2053313745598433,four,2017-05-29,2018-12-30,3963,2022,3749,NA,NA,1.4390176761472928e-4,0.05776905277976785,0.9944919806930201,time,edges,3,FALSE,2020-03-15T15:42:59Z
techlash,4169,3204,2321,2.2053313745598433,full,2012-08-22,2018-12-30,4169,2152,3903,NA,NA,1.413046490148794e-4,0.055485417852717045,0.9947089883971098,time,edges,3,FALSE,2020-03-15T15:42:59Z
tookah,52972,25696,3687,1.3913432247834636,one,2010-08-02,2012-09-08,458,120,382,NA,NA,8.245042668095807e-4,0.011015355364044062,0.9947368421052631,time,edges,3,FALSE,2020-03-15T15:43:02Z
tookah,52972,25696,3687,1.3913432247834636,two,2012-09-09,2014-10-16,18387,2210,11514,NA,NA,1.6671610063080392e-5,0.005977072553355653,0.9990166617075941,time,edges,3,FALSE,2020-03-15T15:43:03Z
tookah,52972,25696,3687,1.3913432247834636,three,2014-10-17,2016-11-22,31718,4302,19088,NA,NA,1.1807890204604663e-5,0.002686504383261113,0.9994866362059148,time,edges,3,FALSE,2020-03-15T15:43:03Z
tookah,52972,25696,3687,1.3913432247834636,four,2016-11-23,2018-12-30,2373,457,2215,NA,NA,9.318904325235879e-5,0.00329583279271516,0.9987017698390386,time,edges,3,FALSE,2020-03-15T15:43:03Z
tookah,52972,25696,3687,1.3913432247834636,full,2008-11-25,2018-12-30,52972,7050,29992,NA,NA,7.837774111641335e-6,0.0041435457545336025,0.9994810923424572,time,edges,3,FALSE,2020-03-15T15:43:03Z
tweeter,7367174,4352594,4622,0.8184301325373747,one,2007-04-02,2010-03-09,369942,184204,313174,NA,NA,1.8781446814002108e-6,9.209374266944401e-4,0.9995462212579024,time,edges,3,FALSE,2020-03-15T15:51:01Z
tweeter,7367174,4352594,4622,0.8184301325373747,two,2010-03-10,2013-02-14,3480981,1632851,3035051,NA,NA,1.77261619671368e-7,7.064011164633532e-4,0.999977788198739,time,edges,3,FALSE,2020-03-15T15:52:06Z
tweeter,7367174,4352594,4622,0.8184301325373747,three,2013-02-15,2016-01-23,2420487,1203158,2323756,NA,NA,2.2281365444660452e-7,5.361936916111519e-4,0.9999598062802522,time,edges,3,FALSE,2020-03-15T15:52:58Z
tweeter,7367174,4352594,4622,0.8184301325373747,four,2016-01-24,2018-12-30,1095721,986069,1204003,NA,NA,6.802249044174416e-7,0.008758863994172228,0.9998712319724452,time,edges,3,FALSE,2020-03-15T15:53:40Z
tweeter,7367174,4352594,4622,0.8184301325373747,full,2006-05-05,2018-12-30,7367174,3984213,6289227,NA,NA,1.0072750503150121e-7,0.001716644976440844,0.9999746888707758,time,edges,3,FALSE,2020-03-15T15:56:49Z
twitterer,280914,222033,4503,0.9253304777145823,one,2007-03-26,2010-03-04,81372,47158,89860,NA,NA,5.840195463928926e-6,0.006888370604722452,0.9996086995274654,time,edges,3,FALSE,2020-03-15T15:57:15Z
twitterer,280914,222033,4503,0.9253304777145823,two,2010-03-05,2013-02-10,121140,80560,160300,NA,NA,3.1351268835390683e-6,0.0024610253545293325,0.9998260965895893,time,edges,3,FALSE,2020-03-15T15:57:17Z
twitterer,280914,222033,4503,0.9253304777145823,three,2013-02-11,2016-01-21,54143,36882,77362,NA,NA,6.1626102183012995e-6,0.0015320999779097426,0.9998133924427328,time,edges,3,FALSE,2020-03-15T15:57:18Z
twitterer,280914,222033,4503,0.9253304777145823,four,2016-01-22,2018-12-30,24177,26314,42531,NA,NA,1.454741718579811e-5,0.0052289331567670055,0.999449654124013,time,edges,3,FALSE,2020-03-15T15:57:19Z
twitterer,280914,222033,4503,0.9253304777145823,full,2006-09-01,2018-12-30,280914,190566,352176,NA,NA,1.5364808028815346e-6,0.0017646359182342665,0.9998985808311588,time,edges,3,FALSE,2020-03-15T15:57:24Z
twittersphere,398299,287319,4407,0.7670257037423912,one,2007-04-09,2010-03-15,24164,13366,27576,NA,NA,1.7577401190571064e-5,0.0011429354870792505,0.9997390298827881,time,edges,3,FALSE,2020-03-15T15:57:52Z
twittersphere,398299,287319,4407,0.7670257037423912,two,2010-03-16,2013-02-18,133406,84360,169434,NA,NA,2.9385833036012344e-6,8.351557380553369e-4,0.9999063462442808,time,edges,3,FALSE,2020-03-15T15:57:56Z
twittersphere,398299,287319,4407,0.7670257037423912,three,2013-02-19,2016-01-24,167790,101525,217442,NA,NA,2.147277272885061e-6,0.0011131028967871022,0.9998990508010435,time,edges,3,FALSE,2020-03-15T15:58:01Z
twittersphere,398299,287319,4407,0.7670257037423912,four,2016-01-25,2018-12-30,72895,64457,110988,NA,NA,5.232653177199321e-6,0.0019679891473166943,0.9997745319319618,time,edges,3,FALSE,2020-03-15T15:58:04Z
twittersphere,398299,287319,4407,0.7670257037423912,full,2006-12-06,2018-12-30,398299,263143,494248,NA,NA,1.0772161580542135e-6,5.482443745511768e-4,0.9999356726499529,time,edges,3,FALSE,2020-03-15T15:58:21Z
twitterverse,1486873,692292,4394,0.721503568398251,one,2007-04-09,2010-03-15,254885,93116,157163,NA,NA,3.7698706966002826e-6,0.0017778425918024753,0.999606627880179,time,edges,3,FALSE,2020-03-15T16:00:23Z
twitterverse,1486873,692292,4394,0.721503568398251,two,2010-03-16,2013-02-18,704571,323072,556719,NA,NA,1.0423846647330134e-6,0.0016101891727598168,0.999916491231368,time,edges,3,FALSE,2020-03-15T16:00:33Z
twitterverse,1486873,692292,4394,0.721503568398251,three,2013-02-19,2016-01-24,352588,181663,358027,NA,NA,1.4172162911832125e-6,0.0062509394587044855,0.9998156619355663,time,edges,3,FALSE,2020-03-15T16:00:37Z
twitterverse,1486873,692292,4394,0.721503568398251,four,2016-01-25,2018-12-30,174809,126924,210452,NA,NA,2.8657592264656575e-6,0.0027365022480020343,0.9998132347159877,time,edges,3,FALSE,2020-03-15T16:00:40Z
twitterverse,1486873,692292,4394,0.721503568398251,full,2006-12-19,2018-12-30,1486873,721337,1142812,NA,NA,5.523177561249272e-7,0.001977466775046661,0.9999415852805628,time,edges,3,FALSE,2020-03-15T16:01:10Z
twittosphere,20035,14470,4419,0.8356026472445671,one,2008-04-07,2010-12-13,2640,1400,3104,NA,NA,1.4535318331777362e-4,0.0027559536377476748,0.998563408578637,time,edges,3,FALSE,2020-03-15T16:01:11Z
twittosphere,20035,14470,4419,0.8356026472445671,two,2010-12-14,2013-08-19,8301,4674,10746,NA,NA,4.0479529127983124e-5,0.004334051289668856,0.99898210344724,time,edges,3,FALSE,2020-03-15T16:01:11Z
twittosphere,20035,14470,4419,0.8356026472445671,three,2013-08-20,2016-04-24,6975,5497,10042,NA,NA,5.451657366319698e-5,0.10955703069461815,0.9954321008851632,time,edges,3,FALSE,2020-03-15T16:01:11Z
twittosphere,20035,14470,4419,0.8356026472445671,four,2016-04-25,2018-12-30,2057,1829,3452,NA,NA,1.5353166479361953e-4,0.033324681904656664,0.9958844393757765,time,edges,3,FALSE,2020-03-15T16:01:11Z
twittosphere,20035,14470,4419,0.8356026472445671,full,2006-11-24,2018-12-30,20035,13380,26721,NA,NA,1.8739886343849855e-5,0.0454170915280218,0.9981949799832172,time,edges,3,FALSE,2020-03-15T16:01:12Z
unshare,6825,5759,4163,0.8963725449300775,one,2007-12-10,2010-09-15,231,115,292,NA,NA,0.0013533869980699525,0.005538432470093646,0.9974756868704521,time,edges,3,FALSE,2020-03-15T16:01:13Z
unshare,6825,5759,4163,0.8963725449300775,two,2010-09-16,2013-06-20,1625,799,2072,NA,NA,1.8619882212349617e-4,0.003919990506036198,0.9975409575669928,time,edges,3,FALSE,2020-03-15T16:01:13Z
unshare,6825,5759,4163,0.8963725449300775,three,2013-06-21,2016-03-25,3159,1145,3624,NA,NA,8.720652149408457e-5,0.001707357896604551,0.9983626395434587,time,edges,3,FALSE,2020-03-15T16:01:13Z
unshare,6825,5759,4163,0.8963725449300775,four,2016-03-26,2018-12-30,1806,1116,2321,NA,NA,2.0725311622517048e-4,0.023725382728894174,0.9950357988373024,time,edges,3,FALSE,2020-03-15T16:01:14Z
unshare,6825,5759,4163,0.8963725449300775,full,2007-08-07,2018-12-30,6825,3177,8170,NA,NA,4.7602116428753475e-5,0.0068084154600330715,0.9985874690815608,time,edges,3,FALSE,2020-03-15T16:01:14Z
upcycling,255633,98329,4087,0.7995217575621553,one,2008-12-08,2011-06-14,9149,3226,7308,NA,NA,6.041248732480098e-5,0.006098900235500475,0.9966780695246604,time,edges,3,FALSE,2020-03-15T16:01:25Z
upcycling,255633,98329,4087,0.7995217575621553,two,2011-06-15,2013-12-19,59664,16408,30439,NA,NA,1.7709616391425144e-5,0.003694876452176349,0.9972739953419941,time,edges,3,FALSE,2020-03-15T16:01:26Z
upcycling,255633,98329,4087,0.7995217575621553,three,2013-12-20,2016-06-25,109036,30325,56403,NA,NA,9.532440456527783e-6,0.007082540223893205,0.9990874182684287,time,edges,3,FALSE,2020-03-15T16:01:27Z
upcycling,255633,98329,4087,0.7995217575621553,four,2016-06-26,2018-12-30,77743,26212,49534,NA,NA,1.0683218903350852e-5,0.008186037873552437,0.99933153521138,time,edges,3,FALSE,2020-03-15T16:01:27Z
upcycling,255633,98329,4087,0.7995217575621553,full,2007-10-22,2018-12-30,255633,75126,129675,NA,NA,4.467670152387212e-6,0.004337222546769277,0.9993895995344169,time,edges,3,FALSE,2020-03-15T16:01:29Z
upskill,57941,33613,4000,1.139959852391142,one,2009-02-02,2011-07-26,1255,468,1464,NA,NA,2.1850453256838073e-4,0.0032013171560604735,0.9985380784923029,time,edges,3,FALSE,2020-03-21T15:48:22Z
upskill,57941,33613,4000,1.139959852391142,two,2011-07-27,2014-01-16,4735,1987,5087,NA,NA,7.679974422245225e-5,0.00218473865711106,0.9992114903310332,time,edges,3,FALSE,2020-03-21T15:48:22Z
upskill,57941,33613,4000,1.139959852391142,three,2014-01-17,2016-07-09,14063,5952,12974,NA,NA,3.536296008699383e-5,0.0020845849643938786,0.9993534318025903,time,edges,3,FALSE,2020-03-21T15:48:23Z
upskill,57941,33613,4000,1.139959852391142,four,2016-07-10,2018-12-30,37858,23060,37044,NA,NA,1.6804874590118105e-5,0.0020619161215619294,0.9996157781249922,time,edges,3,FALSE,2020-03-21T15:48:28Z
upskill,57941,33613,4000,1.139959852391142,full,2008-01-17,2018-12-30,57941,31379,53059,NA,NA,1.114625984343527e-5,0.0014401229190886234,0.999731166171927,time,edges,3,FALSE,2020-03-21T15:48:30Z
upskirting,33353,22816,4076,9.38614918541552,one,2008-11-24,2011-06-04,441,174,521,NA,NA,6.422560165362469e-4,0.015734097633136095,0.9935807392943071,time,edges,3,FALSE,2020-03-15T16:01:37Z
upskirting,33353,22816,4076,9.38614918541552,two,2011-06-05,2013-12-12,1105,473,1255,NA,NA,3.005521772558887e-4,0.004886754729363644,0.9970424783223689,time,edges,3,FALSE,2020-03-15T16:01:37Z
upskirting,33353,22816,4076,9.38614918541552,three,2013-12-13,2016-06-21,6921,2163,5899,NA,NA,6.216892460866774e-5,0.012232207157715986,0.998095155445941,time,edges,3,FALSE,2020-03-15T16:01:38Z
upskirting,33353,22816,4076,9.38614918541552,four,2016-06-22,2018-12-30,24873,13347,22112,NA,NA,2.7299032162485542e-5,0.008927923595481505,0.9984045014403817,time,edges,3,FALSE,2020-03-15T16:01:38Z
upskirting,33353,22816,4076,9.38614918541552,full,2007-11-02,2018-12-30,33353,16146,29279,NA,NA,1.8835072751407575e-5,0.007324812873238767,0.9987890586681127,time,edges,3,FALSE,2020-03-15T16:01:39Z
white fragility,26688,17310,2482,0.9676312670831028,one,2014-09-29,2015-10-22,2345,1380,2472,NA,NA,2.2592166215478187e-4,0.019207182106445286,0.9954444038393306,time,edges,3,FALSE,2020-03-15T16:01:41Z
white fragility,26688,17310,2482,0.9676312670831028,two,2015-10-23,2016-11-13,4446,2416,4893,NA,NA,1.0093348433249962e-4,0.005726074877200348,0.9981557261598831,time,edges,3,FALSE,2020-03-15T16:01:46Z
white fragility,26688,17310,2482,0.9676312670831028,three,2016-11-14,2017-12-07,8376,6253,10216,NA,NA,5.9919636967301685e-5,0.004541601768535469,0.9988032767279906,time,edges,3,FALSE,2020-03-15T16:01:46Z
white fragility,26688,17310,2482,0.9676312670831028,four,2017-12-08,2018-12-30,11511,13108,16179,NA,NA,5.007949336363043e-5,0.0031334495742529095,0.9980365789283568,time,edges,3,FALSE,2020-03-15T16:01:46Z
white fragility,26688,17310,2482,0.9676312670831028,full,2012-03-14,2018-12-30,26688,23080,30439,NA,NA,2.4910893851419568e-5,0.003687674938127963,0.9991797099159009,time,edges,3,FALSE,2020-03-15T16:01:47Z
youthquake,12148,8579,4063,6.321838012934556,one,2009-07-13,2011-11-24,1073,468,966,NA,NA,5.02043574807711e-4,0.02646836156675347,0.9947633373233741,time,edges,3,FALSE,2020-03-15T16:01:48Z
youthquake,12148,8579,4063,6.321838012934556,two,2011-11-25,2014-04-06,2145,852,1812,NA,NA,2.5963482909811635e-4,0.03371811199794129,0.9946179938354562,time,edges,3,FALSE,2020-03-15T16:01:48Z
youthquake,12148,8579,4063,6.321838012934556,three,2014-04-07,2016-08-18,961,333,940,NA,NA,3.772687104887499e-4,0.004952813871961765,0.9978463541236752,time,edges,3,FALSE,2020-03-15T16:01:48Z
youthquake,12148,8579,4063,6.321838012934556,four,2016-08-19,2018-12-30,7905,4524,8271,NA,NA,6.613921954843755e-5,0.009366674026105049,0.9974994499435265,time,edges,3,FALSE,2020-03-15T16:01:49Z
youthquake,12148,8579,4063,6.321838012934556,full,2007-11-15,2018-12-30,12148,6157,11786,NA,NA,4.432748892514731e-5,0.006617243718734525,0.9982434687016803,time,edges,3,FALSE,2020-03-15T16:01:49Z
